{"stats":{"minecraft:used":{"minecraft:diorite":4,"minecraft:stone_pickaxe":694,"minecraft:shield":39,"minecraft:wooden_pickaxe":11,"minecraft:cooked_salmon":2,"minecraft:torch":70,"minecraft:glow_berries":1,"minecraft:dirt":8,"minecraft:crafting_table":7,"minecraft:carrot":2,"minecraft:diamond_helmet":1,"minecraft:iron_pickaxe":252,"minecraft:gravel":7,"minecraft:stone_axe":74,"minecraft:bow":2,"minecraft:cobblestone":35,"minecraft:furnace":2,"minecraft:bucket":1,"minecraft:cooked_beef":6,"minecraft:cobbled_deepslate":29},"minecraft:broken":{"minecraft:stone_pickaxe":5,"minecraft:stone_axe":1,"minecraft:iron_pickaxe":1},"minecraft:killed":{"minecraft:zombie_villager":1,"undead_revamp2:thegliter":1,"minecraft:salmon":2,"undead_revamp2:the_moonflower":1,"minecraft:spider":1,"minecraft:creeper":1,"minecraft:skeleton":7,"minecraft:zombie":9,"minecraft:chicken":2,"undead_revamp2:sucker":1,"minecraft:cow":2},"minecraft:dropped":{"minecraft:cobbled_deepslate":26,"minecraft:tuff":13,"minecraft:cobblestone":150,"minecraft:rotten_flesh":5,"minecraft:andesite":6,"minecraft:spruce_sapling":1},"minecraft:custom":{"minecraft:interact_with_furnace":23,"minecraft:mob_kills":29,"minecraft:interact_with_crafting_table":26,"minecraft:leave_game":3,"minecraft:time_since_death":68642,"minecraft:time_since_rest":68642,"minecraft:sprint_one_cm":23671,"minecraft:damage_taken":732,"minecraft:walk_one_cm":168685,"minecraft:damage_blocked_by_shield":785,"minecraft:drop":12,"minecraft:damage_dealt":3586,"minecraft:swim_one_cm":1064,"minecraft:fly_one_cm":35153,"minecraft:crouch_one_cm":41384,"minecraft:play_time":68642,"minecraft:sneak_time":25633,"minecraft:walk_under_water_one_cm":1007,"minecraft:jump":561,"minecraft:walk_on_water_one_cm":2441,"minecraft:total_world_time":68642,"minecraft:fall_one_cm":8229},"minecraft:crafted":{"minecraft:cooked_beef":7,"minecraft:oak_planks":24,"minecraft:crafting_table":2,"minecraft:spruce_planks":28,"minecraft:wooden_pickaxe":1,"minecraft:cooked_salmon":2,"minecraft:bucket":1,"minecraft:stone_axe":1,"minecraft:air":0,"minecraft:diamond_helmet":1,"minecraft:iron_boots":1,"minecraft:iron_chestplate":1,"minecraft:shield":1,"minecraft:iron_axe":1,"minecraft:stick":60,"minecraft:iron_ingot":51,"minecraft:iron_pickaxe":2,"minecraft:stone_pickaxe":6,"minecraft:iron_leggings":1,"minecraft:torch":56},"minecraft:picked_up":{"minecraft:crafting_table":6,"minecraft:feather":2,"minecraft:chicken":2,"minecraft:salmon":2,"minecraft:andesite":70,"minecraft:leather":3,"minecraft:flint":5,"minecraft:tuff":13,"minecraft:oak_log":6,"minecraft:dirt":8,"minecraft:bone":3,"minecraft:bow":1,"minecraft:wheat_seeds":1,"minecraft:cobbled_deepslate":306,"minecraft:raw_gold":9,"minecraft:spruce_planks":16,"minecraft:beef":5,"minecraft:sugar_cane":5,"minecraft:furnace":2,"minecraft:raw_iron":51,"minecraft:torch":21,"minecraft:gravel":38,"minecraft:spruce_sapling":1,"minecraft:carrot":17,"minecraft:diorite":59,"minecraft:spruce_log":7,"minecraft:arrow":6,"minecraft:rotten_flesh":17,"minecraft:diamond":49,"minecraft:chainmail_leggings":1,"pvz_zengarden:zengarden_guide":1,"minecraft:glow_berries":1,"minecraft:coal":40,"minecraft:cobblestone":250},"minecraft:mined":{"minecraft:tuff":14,"minecraft:deepslate_diamond_ore":49,"farmersdelight:wild_carrots":16,"minecraft:crafting_table":6,"minecraft:torch":14,"minecraft:grass_block":4,"minecraft:cobblestone":5,"minecraft:spruce_leaves":7,"minecraft:deepslate_gold_ore":9,"minecraft:sugar_cane":2,"minecraft:diorite":59,"minecraft:wall_torch":4,"minecraft:furnace":2,"minecraft:iron_ore":51,"minecraft:cobbled_deepslate":3,"minecraft:spruce_log":7,"minecraft:andesite":70,"minecraft:grass":3,"minecraft:oak_log":6,"minecraft:coal_ore":40,"minecraft:gravel":41,"minecraft:dirt":4,"minecraft:stone":245,"minecraft:deepslate":365}},"DataVersion":3465}