{"stats":{"minecraft:killed_by":{"minecraft:player":1,"minecraft:creeper":1,"minecraft:skeleton":2,"minecraft:zombie":1},"minecraft:used":{"minecraft:cherry_sapling":113,"travelersbackpack:horse":10,"minecraft:enchanting_table":1,"minecraft:ladder":9,"minecraft:shield":85,"minecraft:iron_sword":2,"minecraft:cooked_salmon":2,"minecraft:cooked_chicken":6,"minecraft:torch":155,"minecraft:dirt":22,"sanitydim:garland":1,"minecraft:carrot":24,"minecraft:diamond_helmet":2,"minecraft:tuff":47,"cgm:rifle":152,"farmersdelight:rope":15,"minecraft:iron_axe":418,"minecraft:bow":37,"minecraft:furnace":5,"minecraft:egg":1,"minecraft:potato":28,"minecraft:cooked_beef":7,"minecraft:cobbled_deepslate":126,"minecraft:cherry_log":7,"minecraft:golden_boots":1,"minecraft:diorite":4,"minecraft:baked_potato":20,"minecraft:stone_pickaxe":867,"minecraft:oak_planks":28,"minecraft:wooden_pickaxe":11,"minecraft:cherry_planks":34,"minecraft:glow_berries":7,"farmersdelight:onion":19,"minecraft:crafting_table":13,"minecraft:white_bed":1,"minecraft:bread":3,"minecraft:iron_pickaxe":362,"minecraft:gravel":35,"minecraft:stone_axe":159,"minecraft:cobblestone":186,"minecraft:white_banner":1,"minecraft:grindstone":1,"minecraft:cooked_porkchop":5,"minecraft:andesite":4,"minecraft:bucket":2,"minecraft:brush":5,"minecraft:dandelion":1,"minecraft:diamond_leggings":1,"minecraft:bone_meal":54},"minecraft:crafted":{"minecraft:cherry_planks":20,"minecraft:oak_planks":44,"minecraft:cooked_chicken":3,"minecraft:furnace":1,"minecraft:bone_meal":54,"sanitydim:garland":2,"minecraft:diamond_helmet":1,"minecraft:bow":2,"minecraft:diamond_leggings":1,"minecraft:iron_boots":1,"minecraft:iron_axe":3,"minecraft:stone_pickaxe":7,"minecraft:cooked_beef":7,"minecraft:cooked_porkchop":2,"minecraft:crafting_table":4,"minecraft:enchanting_table":1,"minecraft:spruce_planks":28,"minecraft:wooden_pickaxe":1,"minecraft:baked_potato":35,"minecraft:cooked_salmon":2,"minecraft:copper_ingot":17,"minecraft:bucket":1,"minecraft:stone_axe":1,"minecraft:air":0,"minecraft:iron_chestplate":2,"minecraft:book":1,"minecraft:paper":24,"minecraft:shield":2,"minecraft:stick":64,"minecraft:iron_ingot":66,"minecraft:iron_pickaxe":3,"minecraft:iron_leggings":1,"minecraft:torch":116},"minecraft:dropped":{"minecraft:lapis_lazuli":20,"minecraft:baked_potato":3,"minecraft:diamond":5,"minecraft:poisonous_potato":1,"minecraft:feather":2,"minecraft:cobblestone":150,"minecraft:coal":3,"minecraft:cherry_planks":3,"farmersdelight:onion":4,"minecraft:spruce_sapling":1,"cgm:pistol":2,"minecraft:sugar_cane":5,"minecraft:golden_chestplate":1,"minecraft:cobbled_deepslate":26,"minecraft:tuff":13,"undead_revamp2:arapholia":1,"minecraft:rotten_flesh":20,"minecraft:iron_boots":1,"minecraft:andesite":6,"minecraft:bow":1},"minecraft:killed":{"undead_revamp2:thewolf":1,"undead_revamp2:thegliter":8,"minecraft:spider":13,"undead_revamp2:axestrom":1,"undead_revamp2:thesmoker":1,"minecraft:skeleton":31,"minecraft:chicken":15,"undead_revamp2:therod":16,"undead_revamp2:thehorrors":1,"undead_revamp2:sucker":1,"minecraft:skeleton_horse":2,"minecraft:pig":2,"minecraft:zombie_villager":2,"minecraft:salmon":2,"undead_revamp2:the_moonflower":7,"minecraft:creeper":12,"minecraft:sheep":2,"undead_revamp2:thebidyupside":1,"minecraft:pillager":2,"undead_revamp2:thesomnolence":4,"minecraft:zombie":42,"minecraft:cow":2},"minecraft:picked_up":{"minecraft:iron_chestplate":1,"minecraft:crafting_table":13,"minecraft:wheat":11,"minecraft:azure_bluet":4,"minecraft:chicken":18,"minecraft:ladder":10,"minecraft:wooden_pickaxe":2,"minecraft:diamond_horse_armor":1,"minecraft:shield":3,"minecraft:cornflower":3,"minecraft:string":37,"minecraft:iron_axe":4,"minecraft:iron_leggings":1,"travelersbackpack:horse":2,"minecraft:cobbled_deepslate":402,"minecraft:bucket":1,"minecraft:spruce_planks":16,"minecraft:beef":5,"minecraft:poppy":1,"minecraft:iron_pickaxe":4,"minecraft:sugar_cane":11,"cgm:advanced_bullet":290,"farmersdelight:cabbage_seeds":10,"minecraft:furnace":4,"minecraft:iron_boots":5,"minecraft:egg":8,"minecraft:stick":107,"minecraft:raw_iron":71,"minecraft:copper_ingot":60,"minecraft:torch":78,"minecraft:gray_dye":4,"minecraft:porkchop":4,"farmersdelight:tomato_seeds":6,"minecraft:cherry_log":370,"minecraft:diorite":59,"minecraft:carrot":17,"minecraft:golden_chestplate":2,"minecraft:arrow":53,"minecraft:rotten_flesh":150,"minecraft:golden_hoe":1,"farmersdelight:onion":19,"pvz_zengarden:zengarden_guide":2,"farmersdelight:rope":15,"minecraft:saddle":2,"minecraft:gold_ingot":4,"minecraft:glow_berries":4,"minecraft:mutton":4,"undead_revamp2:arapholia":1,"minecraft:snowball":5,"minecraft:white_wool":2,"minecraft:cobblestone":307,"minecraft:feather":19,"minecraft:cherry_planks":71,"minecraft:salmon":2,"minecraft:water_bucket":1,"minecraft:andesite":70,"minecraft:leather":6,"minecraft:potato":87,"minecraft:flint":17,"minecraft:tuff":154,"minecraft:oak_log":11,"minecraft:golden_boots":4,"minecraft:gunpowder":35,"sanitydim:garland":4,"minecraft:lapis_lazuli":9,"minecraft:dirt":113,"minecraft:paper":63,"minecraft:white_banner":1,"weeping_angels:kontron_ingot":21,"minecraft:bone":68,"minecraft:bow":7,"minecraft:wheat_seeds":26,"minecraft:raw_gold":18,"minecraft:iron_ingot":50,"minecraft:stone_pickaxe":1,"minecraft:cooked_chicken":7,"minecraft:diamond_helmet":4,"minecraft:iron_sword":2,"minecraft:oak_planks":25,"minecraft:cooked_porkchop":15,"minecraft:pumpkin":6,"cgm:rifle":4,"minecraft:brush":1,"minecraft:dandelion":42,"minecraft:poisonous_potato":1,"minecraft:gravel":53,"minecraft:lava_bucket":1,"minecraft:spruce_sapling":1,"minecraft:white_bed":2,"minecraft:spruce_log":7,"minecraft:spider_eye":3,"cgm:pistol":2,"travelersbackpack:standard":2,"minecraft:slime_ball":7,"minecraft:spruce_boat":1,"minecraft:diamond":183,"minecraft:stone_axe":1,"minecraft:chainmail_leggings":1,"minecraft:bone_meal":27,"minecraft:cherry_sapling":127,"minecraft:golden_apple":1,"minecraft:baked_potato":32,"minecraft:coal":50},"minecraft:mined":{"undead_revamp2:arapholia":1,"minecraft:tuff":64,"farmersdelight:onions":6,"weeping_angels:deepslate_kontron_ore":2,"minecraft:deepslate_diamond_ore":53,"travelersbackpack:horse":1,"minecraft:cherry_log":306,"farmersdelight:wild_carrots":16,"minecraft:cherry_sapling":3,"minecraft:ladder":1,"minecraft:grass_block":4,"minecraft:spruce_leaves":7,"minecraft:furnace":4,"minecraft:iron_ore":51,"minecraft:fire":41,"minecraft:cobbled_deepslate":12,"minecraft:andesite":70,"minecraft:azure_bluet":4,"minecraft:potatoes":26,"minecraft:deepslate_iron_ore":21,"minecraft:stone":260,"minecraft:cherry_planks":7,"minecraft:dandelion":18,"minecraft:powder_snow":18,"minecraft:torch":26,"minecraft:cornflower":3,"minecraft:crafting_table":9,"minecraft:poppy":1,"minecraft:tall_grass":11,"minecraft:cobblestone":23,"minecraft:deepslate_gold_ore":9,"minecraft:sugar_cane":5,"minecraft:diorite":59,"minecraft:wall_torch":9,"minecraft:spruce_log":7,"minecraft:grass":60,"minecraft:coal_ore":40,"minecraft:oak_log":11,"minecraft:cherry_leaves":22,"minecraft:gravel":46,"minecraft:dirt":5,"minecraft:oak_leaves":1,"minecraft:deepslate":521},"minecraft:broken":{"sanitydim:garland":3,"minecraft:stone_pickaxe":6,"minecraft:iron_axe":2,"minecraft:stone_axe":2,"minecraft:iron_pickaxe":1},"minecraft:custom":{"minecraft:mob_kills":173,"minecraft:interact_with_crafting_table":45,"minecraft:interact_with_campfire":8,"minecraft:damage_dealt_resisted":239,"minecraft:leave_game":16,"minecraft:time_since_death":62494,"minecraft:climb_one_cm":27046,"minecraft:sprint_one_cm":283663,"minecraft:walk_one_cm":1104084,"minecraft:damage_blocked_by_shield":2250,"minecraft:drop":42,"minecraft:play_time":273172,"minecraft:deaths":5,"minecraft:sneak_time":46042,"minecraft:walk_under_water_one_cm":7132,"minecraft:jump":3746,"minecraft:walk_on_water_one_cm":7619,"minecraft:enchant_item":5,"minecraft:total_world_time":273172,"minecraft:interact_with_furnace":68,"minecraft:interact_with_grindstone":1,"minecraft:sleep_in_bed":15,"minecraft:time_since_rest":4899,"minecraft:damage_taken":4183,"minecraft:damage_dealt":14934,"minecraft:player_kills":1,"minecraft:swim_one_cm":16717,"minecraft:fly_one_cm":560223,"minecraft:open_chest":116,"minecraft:crouch_one_cm":92843,"minecraft:fall_one_cm":93260,"minecraft:horse_one_cm":328486}},"DataVersion":3465}