{"stats":{"minecraft:used":{"minecraft:wheat_seeds":40,"farmersdelight:iron_knife":13,"minecraft:carved_pumpkin":1,"minecraft:stone_pickaxe":127,"minecraft:wooden_pickaxe":3,"sanitydim:garland":1,"minecraft:crafting_table":5,"minecraft:bread":2,"minecraft:iron_pickaxe":67,"minecraft:furnace":4,"minecraft:cooked_rabbit":3,"minecraft:oak_boat":2,"minecraft:pumpkin":2,"farmersdelight:fried_egg":1},"minecraft:crafted":{"minecraft:oak_planks":24,"minecraft:crafting_table":3,"minecraft:spruce_planks":12,"farmersdelight:iron_knife":1,"minecraft:wooden_pickaxe":1,"minecraft:furnace":1,"minecraft:copper_ingot":53,"sanitydim:garland":1,"minecraft:bread":2,"minecraft:air":0,"farmersdelight:fried_egg":1,"minecraft:oak_boat":1,"minecraft:leather":6,"minecraft:stick":8,"minecraft:iron_ingot":16,"minecraft:iron_pickaxe":1,"minecraft:stone_pickaxe":1,"minecraft:cooked_rabbit":3},"minecraft:dropped":{"minecraft:stone_pickaxe":1},"minecraft:killed":{"minecraft:rabbit":3},"minecraft:mined":{"minecraft:dandelion":6,"minecraft:carved_pumpkin":2,"minecraft:crafting_table":3,"minecraft:granite":2,"minecraft:emerald_ore":1,"minecraft:grass_block":2,"minecraft:poppy":5,"minecraft:copper_ore":27,"minecraft:spruce_leaves":4,"minecraft:furnace":4,"minecraft:iron_ore":17,"minecraft:wheat":35,"minecraft:spruce_log":3,"minecraft:pumpkin":2,"minecraft:grass":4,"minecraft:oak_log":6,"minecraft:coal_ore":90,"minecraft:dirt":1,"minecraft:packed_ice":1,"minecraft:stone":19,"farmersdelight:wild_potatoes":2},"minecraft:picked_up":{"minecraft:wheat":28,"minecraft:crafting_table":3,"minecraft:potato":2,"minecraft:oak_log":6,"minecraft:dirt":3,"minecraft:raw_copper":91,"minecraft:wheat_seeds":84,"minecraft:rabbit_hide":5,"minecraft:stone_pickaxe":1,"farmersdelight:straw":1,"minecraft:oak_boat":2,"minecraft:poppy":5,"minecraft:rabbit":3,"minecraft:egg":1,"minecraft:furnace":4,"minecraft:raw_iron":16,"minecraft:pumpkin":2,"minecraft:dandelion":6,"minecraft:spruce_log":3,"minecraft:rabbit_foot":1,"minecraft:pumpkin_seeds":4,"minecraft:granite":2,"pvz_zengarden:zengarden_guide":1,"minecraft:carved_pumpkin":2,"minecraft:emerald":1,"minecraft:coal":90,"minecraft:cobblestone":19},"minecraft:custom":{"minecraft:interact_with_furnace":47,"minecraft:mob_kills":3,"minecraft:interact_with_crafting_table":9,"minecraft:leave_game":3,"minecraft:time_since_death":40430,"minecraft:sleep_in_bed":1,"minecraft:climb_one_cm":5199,"minecraft:time_since_rest":486,"minecraft:sprint_one_cm":134551,"minecraft:damage_taken":100,"minecraft:walk_one_cm":160239,"minecraft:drop":1,"minecraft:damage_dealt":79,"minecraft:fly_one_cm":119469,"minecraft:open_chest":8,"minecraft:crouch_one_cm":686,"minecraft:play_time":40430,"minecraft:sneak_time":344,"minecraft:boat_one_cm":35955,"minecraft:jump":701,"minecraft:walk_on_water_one_cm":328,"minecraft:total_world_time":40430,"minecraft:fall_one_cm":13763}},"DataVersion":3465}