{"stats":{"minecraft:killed_by":{"minecraft:enderman":1,"minecraft:skeleton":1,"minecraft:zombie":1},"minecraft:used":{"minecraft:cherry_sapling":4,"minecraft:stone_sword":3,"cgm:machine_pistol":13,"minecraft:ladder":1,"minecraft:chest":10,"minecraft:shield":62,"minecraft:stone_hoe":40,"minecraft:torch":31,"minecraft:dirt":53,"farmersdelight:flint_knife":5,"cgm:workbench":1,"sanitydim:garland":10,"minecraft:chainmail_chestplate":1,"minecraft:carrot":1,"minecraft:allium":3,"minecraft:granite":4,"minecraft:spruce_boat":2,"minecraft:wooden_axe":1,"minecraft:iron_helmet":2,"minecraft:iron_boots":1,"farmersdelight:cutting_board":2,"minecraft:bow":4,"minecraft:oak_sapling":2,"minecraft:furnace":9,"undead_revamp2:arapholia":1,"minecraft:egg":1,"minecraft:cooked_beef":18,"minecraft:cherry_log":3,"minecraft:cooked_mutton":4,"minecraft:water_bucket":15,"minecraft:stone_pickaxe":654,"minecraft:oak_planks":4,"minecraft:wooden_pickaxe":7,"farmersdelight:pumpkin_slice":9,"minecraft:cherry_planks":173,"minecraft:sand":1,"minecraft:red_bed":1,"minecraft:magenta_bed":21,"minecraft:crafting_table":24,"minecraft:white_bed":14,"minecraft:black_wool":1,"minecraft:apple":1,"minecraft:bread":2,"minecraft:iron_pickaxe":549,"minecraft:gravel":6,"minecraft:spruce_sapling":1,"minecraft:stone_axe":628,"travelersbackpack:standard":14,"minecraft:cobblestone":347,"minecraft:cooked_porkchop":15,"minecraft:andesite":6,"minecraft:bucket":15},"minecraft:crafted":{"minecraft:cherry_planks":204,"minecraft:oak_planks":48,"minecraft:furnace":3,"sanitydim:garland":26,"minecraft:cooked_mutton":19,"minecraft:glass":12,"minecraft:iron_boots":1,"minecraft:leather":4,"minecraft:stone_pickaxe":9,"minecraft:chest":5,"minecraft:spruce_boat":1,"minecraft:magenta_dye":1,"minecraft:cooked_beef":19,"paraglider:paraglider":1,"minecraft:magenta_bed":1,"minecraft:cooked_porkchop":12,"minecraft:crafting_table":3,"minecraft:spruce_planks":24,"farmersdelight:iron_knife":1,"minecraft:iron_helmet":1,"travelersbackpack:standard":1,"travelersbackpack:backpack_tank":2,"farmersdelight:flint_knife":1,"minecraft:wooden_pickaxe":3,"travelersbackpack:blue_sleeping_bag":1,"minecraft:stone_axe":6,"minecraft:air":0,"minecraft:blue_dye":2,"farmersdelight:cutting_board":1,"minecraft:white_wool":1,"minecraft:shield":1,"minecraft:stick":124,"minecraft:iron_ingot":27,"minecraft:iron_pickaxe":4,"minecraft:wooden_axe":1,"minecraft:blue_wool":2,"minecraft:gold_ingot":2,"minecraft:white_bed":1,"minecraft:torch":116},"minecraft:dropped":{"minecraft:stone_hoe":1,"minecraft:wheat_seeds":5,"minecraft:cooked_beef":5,"farmersdelight:pumpkin_slice":18,"minecraft:diamond":1,"minecraft:poisonous_potato":1,"minecraft:cobblestone":13,"minecraft:granite":14,"minecraft:stick":43,"minecraft:oxeye_daisy":1,"minecraft:dirt":14,"minecraft:torch":59,"minecraft:wooden_axe":1,"paraglider:paraglider":1,"minecraft:bucket":1,"minecraft:white_wool":10,"minecraft:cooked_mutton":10,"cgm:machine_pistol":1,"minecraft:spruce_planks":12,"minecraft:andesite":6,"sanitydim:garland":9,"minecraft:oak_sapling":4,"minecraft:wooden_pickaxe":1,"minecraft:black_wool":1,"minecraft:egg":2},"minecraft:killed":{"minecraft:cave_spider":1,"minecraft:spider":3,"minecraft:pig":11,"minecraft:sheep":15,"minecraft:zombie":8,"minecraft:cow":12},"minecraft:picked_up":{"minecraft:crafting_table":22,"minecraft:allium":53,"minecraft:azure_bluet":23,"cgm:basic_bullet":360,"minecraft:ladder":28,"minecraft:wooden_pickaxe":1,"farmersdelight:cutting_board":2,"minecraft:cornflower":24,"minecraft:string":4,"minecraft:red_bed":1,"cgm:machine_pistol":1,"minecraft:raw_copper":19,"minecraft:cobbled_deepslate":4,"minecraft:bucket":1,"farmersdelight:cabbage":4,"minecraft:spruce_planks":9,"minecraft:beef":19,"minecraft:poppy":22,"minecraft:iron_pickaxe":1,"minecraft:chest":6,"minecraft:furnace":8,"minecraft:egg":4,"minecraft:golden_helmet":1,"minecraft:stick":40,"minecraft:raw_iron":21,"minecraft:copper_ingot":1,"minecraft:torch":25,"minecraft:porkchop":30,"farmersdelight:tomato_seeds":3,"minecraft:cherry_log":115,"minecraft:carrot":24,"minecraft:golden_chestplate":1,"minecraft:arrow":10,"minecraft:rotten_flesh":85,"minecraft:stone_shovel":1,"farmersdelight:onion":19,"pvz_zengarden:zengarden_guide":2,"minecraft:mutton":34,"undead_revamp2:arapholia":1,"minecraft:white_wool":23,"minecraft:cobblestone":684,"minecraft:oxeye_daisy":23,"minecraft:cooked_beef":9,"minecraft:cherry_planks":91,"minecraft:andesite":12,"minecraft:leather":16,"minecraft:golden_leggings":1,"minecraft:flint":1,"minecraft:tuff":5,"minecraft:oak_log":12,"minecraft:chainmail_chestplate":1,"minecraft:magenta_bed":20,"minecraft:gunpowder":6,"sanitydim:garland":1,"farmersdelight:flint_knife":1,"minecraft:dirt":75,"weeping_angels:kontron_ingot":1,"minecraft:leather_boots":1,"minecraft:cooked_mutton":9,"minecraft:glass":12,"minecraft:bone":16,"minecraft:apple":1,"minecraft:bow":1,"minecraft:wheat_seeds":78,"minecraft:raw_gold":41,"farmersdelight:pumpkin_slice":36,"minecraft:iron_ingot":1,"minecraft:stone_pickaxe":1,"minecraft:stone_hoe":1,"minecraft:oak_planks":5,"minecraft:cooked_porkchop":5,"minecraft:pumpkin":10,"minecraft:dandelion":126,"minecraft:poisonous_potato":1,"minecraft:gravel":18,"minecraft:sand":13,"minecraft:spruce_sapling":2,"minecraft:stripped_spruce_log":2,"minecraft:white_bed":15,"minecraft:spruce_log":6,"minecraft:spider_eye":4,"travelersbackpack:standard":7,"minecraft:slime_ball":5,"minecraft:diamond":1,"minecraft:spruce_boat":3,"minecraft:iron_helmet":1,"minecraft:granite":18,"minecraft:cherry_sapling":100,"minecraft:bread":2,"minecraft:oak_sapling":6,"minecraft:black_wool":2,"minecraft:coal":459,"cgm:workbench":1},"minecraft:mined":{"undead_revamp2:arapholia":1,"minecraft:tuff":5,"minecraft:spruce_planks":9,"minecraft:white_bed":11,"minecraft:farmland":6,"minecraft:cherry_log":118,"farmersdelight:wild_carrots":17,"minecraft:granite":18,"minecraft:allium":25,"minecraft:grass_block":5,"minecraft:spruce_leaves":2,"minecraft:oxeye_daisy":14,"minecraft:large_fern":1,"farmersdelight:wild_onions":13,"minecraft:furnace":8,"minecraft:iron_ore":21,"minecraft:cobbled_deepslate":4,"minecraft:fire":7,"minecraft:andesite":7,"minecraft:stripped_spruce_log":2,"minecraft:azure_bluet":24,"minecraft:stone":282,"minecraft:cherry_planks":131,"minecraft:dandelion":131,"minecraft:powder_snow":23,"travelersbackpack:standard":7,"minecraft:crafting_table":21,"minecraft:cornflower":25,"minecraft:torch":9,"minecraft:poppy":22,"minecraft:chest":6,"minecraft:copper_ore":6,"minecraft:tall_grass":54,"minecraft:cobblestone":377,"minecraft:oak_planks":5,"minecraft:wall_torch":7,"farmersdelight:cutting_board":2,"minecraft:magenta_bed":21,"minecraft:spruce_log":6,"weeping_angels:kontron_ore":1,"minecraft:grass":329,"minecraft:oak_log":12,"minecraft:coal_ore":361,"minecraft:cherry_leaves":12,"minecraft:sand":13,"minecraft:gravel":8,"minecraft:dirt":67,"minecraft:oak_leaves":8},"minecraft:broken":{"sanitydim:garland":17,"minecraft:stone_pickaxe":4,"minecraft:stone_axe":2,"minecraft:iron_pickaxe":2},"minecraft:custom":{"minecraft:mob_kills":51,"minecraft:animals_bred":1,"minecraft:interact_with_crafting_table":68,"minecraft:open_barrel":3,"minecraft:damage_dealt_resisted":30,"minecraft:leave_game":13,"minecraft:time_since_death":319972,"minecraft:climb_one_cm":30284,"minecraft:sprint_one_cm":982289,"minecraft:walk_one_cm":793151,"minecraft:damage_blocked_by_shield":600,"minecraft:drop":92,"minecraft:play_time":344234,"minecraft:deaths":3,"minecraft:sneak_time":39288,"minecraft:walk_under_water_one_cm":6024,"minecraft:boat_one_cm":155333,"minecraft:jump":4881,"minecraft:walk_on_water_one_cm":51937,"minecraft:total_world_time":344234,"minecraft:interact_with_furnace":98,"minecraft:interact_with_grindstone":1,"minecraft:sleep_in_bed":40,"minecraft:time_since_rest":486,"minecraft:damage_taken":2280,"minecraft:damage_dealt":4810,"minecraft:player_kills":1,"minecraft:swim_one_cm":15631,"minecraft:fly_one_cm":808727,"minecraft:open_chest":147,"minecraft:crouch_one_cm":109886,"minecraft:fall_one_cm":109996}},"DataVersion":3465}