{"stats":{"minecraft:used":{"minecraft:cooked_mutton":4,"minecraft:stone_sword":1,"cgm:machine_pistol":13,"minecraft:stone_pickaxe":278,"minecraft:oak_planks":1,"minecraft:chest":1,"minecraft:wooden_pickaxe":7,"minecraft:torch":15,"minecraft:dirt":1,"sanitydim:garland":6,"minecraft:crafting_table":12,"minecraft:magenta_bed":9,"minecraft:allium":3,"minecraft:white_bed":11,"minecraft:granite":1,"minecraft:spruce_boat":2,"minecraft:wooden_axe":1,"minecraft:iron_helmet":2,"minecraft:bread":2,"minecraft:iron_boots":1,"minecraft:spruce_sapling":1,"minecraft:stone_axe":204,"minecraft:cobblestone":28,"minecraft:oak_sapling":2,"minecraft:furnace":3,"minecraft:andesite":6,"minecraft:egg":1,"minecraft:cooked_beef":6},"minecraft:broken":{"minecraft:stone_pickaxe":1,"sanitydim:garland":7},"minecraft:killed":{"minecraft:pig":1,"minecraft:sheep":12,"minecraft:cow":10},"minecraft:dropped":{"minecraft:wheat_seeds":4,"minecraft:cooked_beef":5,"minecraft:diamond":1,"minecraft:poisonous_potato":1,"minecraft:granite":14,"minecraft:cooked_mutton":10,"cgm:machine_pistol":1,"minecraft:oxeye_daisy":1,"minecraft:dirt":14,"minecraft:torch":9,"minecraft:spruce_planks":12,"minecraft:wooden_axe":1,"minecraft:andesite":6,"sanitydim:garland":6,"minecraft:oak_sapling":4,"minecraft:wooden_pickaxe":1,"minecraft:white_wool":10},"minecraft:custom":{"minecraft:interact_with_furnace":28,"minecraft:mob_kills":23,"minecraft:interact_with_crafting_table":32,"minecraft:open_barrel":3,"minecraft:interact_with_grindstone":1,"minecraft:leave_game":5,"minecraft:time_since_death":101088,"minecraft:sleep_in_bed":20,"minecraft:time_since_rest":6976,"minecraft:sprint_one_cm":382080,"minecraft:damage_taken":885,"minecraft:walk_one_cm":370860,"minecraft:drop":47,"minecraft:damage_dealt":2234,"minecraft:fly_one_cm":336694,"minecraft:player_kills":1,"minecraft:open_chest":18,"minecraft:crouch_one_cm":15198,"minecraft:play_time":125350,"minecraft:deaths":3,"minecraft:sneak_time":6722,"minecraft:boat_one_cm":155333,"minecraft:jump":1955,"minecraft:walk_on_water_one_cm":168,"minecraft:total_world_time":125350,"minecraft:fall_one_cm":53356},"minecraft:killed_by":{"minecraft:skeleton":1,"minecraft:zombie":1,"minecraft:enderman":1},"minecraft:crafted":{"minecraft:cooked_beef":15,"minecraft:magenta_bed":1,"minecraft:oak_planks":48,"minecraft:crafting_table":2,"minecraft:spruce_planks":24,"minecraft:wooden_pickaxe":2,"minecraft:iron_helmet":1,"minecraft:furnace":2,"sanitydim:garland":16,"minecraft:stone_axe":2,"minecraft:cooked_mutton":12,"minecraft:air":0,"minecraft:iron_boots":1,"minecraft:shield":1,"minecraft:stick":24,"minecraft:iron_ingot":10,"minecraft:stone_pickaxe":4,"minecraft:wooden_axe":1,"minecraft:chest":1,"minecraft:white_bed":1,"minecraft:spruce_boat":1,"minecraft:torch":28,"minecraft:magenta_dye":1},"minecraft:picked_up":{"minecraft:crafting_table":12,"minecraft:allium":52,"minecraft:azure_bluet":12,"minecraft:cooked_beef":9,"minecraft:andesite":12,"minecraft:leather":12,"minecraft:oak_log":12,"minecraft:magenta_bed":9,"minecraft:dirt":22,"minecraft:cornflower":14,"cgm:machine_pistol":1,"minecraft:raw_copper":19,"weeping_angels:kontron_ingot":1,"minecraft:cooked_mutton":9,"minecraft:apple":1,"minecraft:wheat_seeds":33,"minecraft:spruce_planks":9,"minecraft:beef":17,"minecraft:poppy":16,"minecraft:oak_planks":2,"minecraft:furnace":3,"minecraft:egg":2,"minecraft:stick":3,"minecraft:raw_iron":10,"minecraft:torch":5,"minecraft:dandelion":66,"minecraft:carrot":8,"minecraft:poisonous_potato":1,"minecraft:porkchop":3,"minecraft:spruce_sapling":2,"minecraft:stripped_spruce_log":2,"minecraft:white_bed":12,"minecraft:spruce_log":6,"minecraft:slime_ball":1,"minecraft:diamond":1,"minecraft:spruce_boat":2,"farmersdelight:onion":13,"pvz_zengarden:zengarden_guide":1,"minecraft:granite":15,"minecraft:bread":2,"minecraft:oak_sapling":6,"minecraft:mutton":22,"minecraft:coal":100,"minecraft:white_wool":14,"minecraft:cobblestone":145,"minecraft:oxeye_daisy":7},"minecraft:mined":{"minecraft:spruce_planks":9,"minecraft:white_bed":11,"farmersdelight:wild_carrots":8,"minecraft:dandelion":71,"minecraft:crafting_table":12,"minecraft:cornflower":14,"minecraft:torch":3,"minecraft:granite":15,"minecraft:allium":25,"minecraft:grass_block":1,"minecraft:poppy":16,"minecraft:copper_ore":6,"minecraft:tall_grass":43,"minecraft:cobblestone":1,"minecraft:spruce_leaves":2,"minecraft:oak_planks":2,"minecraft:oxeye_daisy":6,"minecraft:wall_torch":2,"minecraft:large_fern":1,"farmersdelight:wild_onions":13,"minecraft:furnace":3,"minecraft:iron_ore":10,"minecraft:spruce_log":6,"minecraft:magenta_bed":9,"minecraft:stripped_spruce_log":2,"weeping_angels:kontron_ore":1,"minecraft:andesite":6,"minecraft:azure_bluet":12,"minecraft:grass":246,"minecraft:oak_log":12,"minecraft:coal_ore":79,"minecraft:dirt":21,"minecraft:stone":143,"minecraft:oak_leaves":8}},"DataVersion":3465}