{"stats":{"minecraft:used":{"cgm:machine_pistol":912,"minecraft:poppy":2,"minecraft:spruce_planks":81,"minecraft:iron_sword":21,"minecraft:cooked_salmon":1,"minecraft:cooked_chicken":2,"minecraft:rotten_flesh":24,"minecraft:torch":64,"minecraft:dirt":13,"cgm:workbench":1,"sanitydim:garland":2,"minecraft:tuff":5,"minecraft:snowball":16,"minecraft:spruce_boat":3,"minecraft:wooden_axe":30,"minecraft:lantern":1,"minecraft:iron_axe":147,"minecraft:iron_boots":2,"minecraft:furnace":6,"minecraft:egg":2,"minecraft:cooked_beef":4,"minecraft:potato":8,"minecraft:cobbled_deepslate":35,"minecraft:iron_leggings":2,"minecraft:cooked_mutton":4,"minecraft:stone_pickaxe":88,"minecraft:baked_potato":10,"minecraft:wooden_pickaxe":12,"minecraft:chainmail_helmet":1,"minecraft:salmon":1,"farmersdelight:onion":4,"minecraft:crafting_table":11,"minecraft:red_bed":10,"minecraft:white_bed":9,"minecraft:apple":3,"minecraft:chicken":1,"minecraft:bread":2,"minecraft:string":2,"minecraft:iron_pickaxe":152,"minecraft:leather_helmet":1,"minecraft:stone_axe":8,"minecraft:wooden_sword":58,"minecraft:cobblestone":51,"minecraft:cooked_porkchop":4},"minecraft:broken":{"minecraft:leather_helmet":1,"sanitydim:garland":1,"minecraft:chainmail_helmet":1,"minecraft:golden_leggings":1,"minecraft:iron_axe":1,"minecraft:wooden_axe":1},"minecraft:killed":{"undead_revamp2:thegliter":2,"minecraft:spider":6,"undead_revamp2:bomber":2,"minecraft:zombie_horse":1,"minecraft:skeleton":21,"minecraft:chicken":4,"undead_revamp2:thebidy":1,"undead_revamp2:therod":1,"undead_revamp2:thepregnant":1,"undead_revamp2:thespitter":1,"minecraft:pig":1,"minecraft:zombie_villager":1,"minecraft:creeper":14,"minecraft:polar_bear":2,"minecraft:sheep":3,"undead_revamp2:thesomnolence":5,"minecraft:zombie":38,"minecraft:cow":4},"minecraft:custom":{"minecraft:mob_kills":113,"minecraft:interact_with_crafting_table":32,"minecraft:damage_dealt_resisted":2046,"minecraft:leave_game":6,"minecraft:time_since_death":8453,"minecraft:climb_one_cm":2799,"minecraft:sprint_one_cm":395786,"minecraft:walk_one_cm":233529,"minecraft:drop":34,"minecraft:talked_to_villager":8,"minecraft:play_time":161115,"minecraft:deaths":26,"minecraft:sneak_time":4751,"minecraft:walk_under_water_one_cm":21016,"minecraft:boat_one_cm":78093,"minecraft:jump":4217,"minecraft:interact_with_blast_furnace":1,"minecraft:walk_on_water_one_cm":15522,"minecraft:total_world_time":161115,"minecraft:interact_with_furnace":106,"minecraft:sleep_in_bed":23,"minecraft:time_since_rest":8477,"minecraft:damage_taken":8778,"minecraft:damage_dealt":13481,"minecraft:player_kills":1,"minecraft:swim_one_cm":8016,"minecraft:fly_one_cm":847590,"minecraft:open_chest":14,"minecraft:crouch_one_cm":14599,"minecraft:fall_one_cm":154843},"minecraft:dropped":{"minecraft:golden_boots":1,"minecraft:iron_ingot":6,"minecraft:bread":2,"minecraft:cooked_beef":2,"minecraft:diamond":4,"minecraft:poisonous_potato":1,"minecraft:cobblestone":17,"minecraft:feather":4,"minecraft:red_carpet":1,"minecraft:stick":14,"minecraft:spruce_sapling":6,"minecraft:rotten_flesh":9,"cgm:machine_pistol":1,"minecraft:white_bed":1,"minecraft:spruce_fence":1,"cgm:basic_bullet":448,"minecraft:beetroot_seeds":3,"minecraft:slime_ball":6,"minecraft:arrow":20},"minecraft:killed_by":{"minecraft:player":2,"minecraft:creeper":2,"sanitydim:rotting_stalker":2,"minecraft:skeleton":6,"minecraft:zombie":2,"undead_revamp2:thepregnant":5,"undead_revamp2:thegliter":3},"minecraft:crafted":{"minecraft:wooden_sword":1,"minecraft:cooked_chicken":3,"minecraft:furnace":2,"sanitydim:garland":1,"minecraft:cooked_mutton":6,"minecraft:iron_boots":1,"minecraft:iron_axe":1,"minecraft:stone_pickaxe":3,"minecraft:spruce_boat":1,"minecraft:cooked_beef":7,"minecraft:cooked_porkchop":4,"minecraft:crafting_table":4,"minecraft:spruce_planks":136,"minecraft:iron_helmet":1,"minecraft:wooden_pickaxe":2,"minecraft:baked_potato":9,"minecraft:iron_sword":1,"minecraft:cooked_salmon":1,"minecraft:copper_ingot":47,"minecraft:stone_axe":1,"minecraft:air":0,"minecraft:iron_chestplate":2,"minecraft:stick":56,"minecraft:iron_ingot":70,"minecraft:iron_pickaxe":2,"minecraft:wooden_axe":1,"minecraft:iron_leggings":1,"minecraft:white_bed":1,"minecraft:torch":60},"minecraft:picked_up":{"minecraft:crafting_table":7,"minecraft:iron_chestplate":10,"minecraft:wheat":33,"cgm:basic_bullet":1766,"minecraft:chicken":23,"minecraft:wooden_pickaxe":6,"minecraft:string":75,"minecraft:red_bed":11,"minecraft:iron_axe":10,"cgm:machine_pistol":8,"minecraft:raw_copper":840,"minecraft:iron_leggings":7,"minecraft:white_carpet":6,"minecraft:cobbled_deepslate":88,"minecraft:spruce_planks":75,"minecraft:beef":7,"minecraft:poppy":18,"minecraft:iron_pickaxe":16,"minecraft:sugar_cane":17,"minecraft:furnace":10,"minecraft:iron_boots":6,"minecraft:egg":5,"minecraft:stick":85,"minecraft:raw_iron":188,"minecraft:copper_ingot":12,"minecraft:torch":79,"minecraft:spruce_fence":12,"minecraft:snow_block":2,"minecraft:porkchop":4,"minecraft:arrow":233,"minecraft:rotten_flesh":110,"minecraft:beetroot_seeds":33,"farmersdelight:onion":15,"pvz_zengarden:zengarden_guide":1,"minecraft:glow_berries":2,"minecraft:mutton":4,"minecraft:snowball":24,"minecraft:white_wool":4,"minecraft:cobblestone":175,"minecraft:feather":22,"minecraft:cherry_planks":32,"minecraft:salmon":2,"minecraft:leather":9,"minecraft:golden_leggings":3,"minecraft:potato":11,"minecraft:tuff":8,"minecraft:golden_boots":7,"minecraft:gunpowder":84,"sanitydim:garland":8,"minecraft:dirt":13,"minecraft:lantern":2,"minecraft:red_carpet":1,"minecraft:bone":90,"minecraft:bow":1,"minecraft:wheat_seeds":2,"minecraft:raw_gold":50,"minecraft:iron_ingot":25,"minecraft:stone_pickaxe":1,"minecraft:cooked_chicken":1,"minecraft:iron_sword":7,"minecraft:oak_planks":8,"minecraft:cooked_porkchop":2,"minecraft:dandelion":16,"minecraft:poisonous_potato":1,"minecraft:gravel":6,"minecraft:amethyst_shard":24,"minecraft:stripped_spruce_log":21,"minecraft:spruce_sapling":57,"minecraft:white_bed":11,"minecraft:spruce_log":13,"minecraft:spruce_door":1,"minecraft:leather_helmet":1,"minecraft:slime_ball":12,"minecraft:diamond":21,"minecraft:spruce_boat":6,"minecraft:iron_helmet":2,"minecraft:golden_apple":2,"minecraft:chainmail_helmet":2,"minecraft:baked_potato":10,"minecraft:light_gray_carpet":5,"cgm:workbench":1,"minecraft:coal":46},"minecraft:mined":{"minecraft:red_carpet":2,"minecraft:tuff":3,"minecraft:spruce_planks":8,"minecraft:white_bed":9,"minecraft:deepslate_diamond_ore":2,"minecraft:budding_amethyst":1,"minecraft:spruce_fence":1,"minecraft:spruce_leaves":9,"cgm:workbench":1,"minecraft:furnace":6,"minecraft:iron_ore":25,"minecraft:fire":1,"minecraft:stripped_spruce_log":21,"minecraft:deepslate_iron_ore":43,"minecraft:stone":73,"farmersdelight:wild_potatoes":7,"minecraft:tripwire":1,"minecraft:light_gray_carpet":1,"minecraft:red_bed":8,"minecraft:medium_amethyst_bud":1,"minecraft:amethyst_cluster":1,"minecraft:dandelion":2,"minecraft:crafting_table":7,"minecraft:torch":9,"minecraft:poppy":8,"minecraft:copper_ore":21,"minecraft:cobblestone":15,"minecraft:deepslate_gold_ore":7,"minecraft:sugar_cane":6,"minecraft:blue_bed":1,"minecraft:wall_torch":1,"minecraft:white_carpet":2,"minecraft:spruce_log":13,"minecraft:grass":1,"minecraft:coal_ore":27,"minecraft:gravel":5,"minecraft:dirt":1,"minecraft:deepslate":8,"minecraft:fern":2}},"DataVersion":3465}