{"stats":{"minecraft:used":{"minecraft:creeper_spawn_egg":6,"minecraft:sand":1},"minecraft:picked_up":{"pvz_zengarden:zengarden_guide":1},"minecraft:custom":{"minecraft:jump":74,"minecraft:time_since_rest":56639,"minecraft:damage_dealt":217,"minecraft:leave_game":18,"minecraft:play_time":56639,"minecraft:sprint_one_cm":4274,"minecraft:damage_taken":80,"minecraft:time_since_death":56639,"minecraft:walk_one_cm":4641,"minecraft:sneak_time":253,"minecraft:total_world_time":56639,"minecraft:fall_one_cm":1081,"minecraft:fly_one_cm":103175}},"DataVersion":3465}