{"stats":{"minecraft:killed_by":{"undead_revamp2:theskeeper":1,"minecraft:player":2,"minecraft:zombie":1,"undead_revamp2:thebeartamer":1},"minecraft:used":{"cgm:machine_pistol":113,"minecraft:flint_and_steel":1,"minecraft:stone_shovel":258,"minecraft:shield":9,"minecraft:iron_sword":109,"minecraft:stone_hoe":10,"minecraft:cooked_chicken":1,"minecraft:torch":52,"minecraft:dirt":187,"minecraft:mutton":4,"minecraft:chainmail_chestplate":1,"minecraft:tuff":1,"minecraft:golden_chestplate":1,"minecraft:obsidian":1,"minecraft:spruce_boat":6,"minecraft:furnace":3,"undead_revamp2:arapholia":1,"minecraft:egg":1,"minecraft:cooked_beef":2,"minecraft:potato":22,"minecraft:golden_axe":1,"minecraft:golden_boots":1,"minecraft:cooked_mutton":10,"minecraft:water_bucket":23,"cgm:pistol":1,"minecraft:stone_pickaxe":205,"minecraft:baked_potato":18,"minecraft:blue_bed":6,"farmersdelight:pumpkin_slice":13,"farmersdelight:organic_compost":1,"minecraft:white_wool":2,"farmersdelight:cabbage_leaf":1,"farmersdelight:onion":14,"minecraft:red_bed":4,"minecraft:crafting_table":8,"minecraft:white_bed":4,"minecraft:light_gray_concrete_powder":9,"minecraft:iron_pickaxe":192,"travelersbackpack:white_sleeping_bag":3,"cgm:assault_rifle":132,"minecraft:golden_leggings":1,"minecraft:stone_axe":11,"minecraft:cobblestone":79,"minecraft:porkchop":3,"minecraft:cooked_porkchop":8,"minecraft:bucket":23,"minecraft:bone_meal":15},"minecraft:crafted":{"minecraft:oak_planks":20,"minecraft:stone_shovel":2,"minecraft:cooked_chicken":1,"minecraft:bone_meal":6,"minecraft:stone_pickaxe":1,"minecraft:spruce_boat":5,"minecraft:cooked_porkchop":14,"minecraft:crafting_table":3,"minecraft:spruce_planks":52,"minecraft:baked_potato":13,"minecraft:copper_ingot":2,"minecraft:bucket":1,"minecraft:air":0,"minecraft:iron_chestplate":1,"minecraft:shield":1,"minecraft:stick":4,"minecraft:iron_ingot":48,"minecraft:stone_sword":1,"minecraft:torch":68},"minecraft:dropped":{"minecraft:wheat_seeds":25,"minecraft:cooked_beef":5,"farmersdelight:pumpkin_slice":4,"minecraft:diamond":2,"minecraft:poisonous_potato":2,"minecraft:cobblestone":58,"minecraft:copper_ingot":2,"minecraft:oxeye_daisy":4,"minecraft:dirt":1,"minecraft:cornflower":4,"weeping_angels:kontron_ingot":6,"farmersdelight:onion":5,"minecraft:iron_pickaxe":1,"minecraft:string":5,"minecraft:bucket":1,"minecraft:spruce_sapling":1,"minecraft:dandelion":15,"minecraft:redstone":18,"minecraft:stone_sword":1,"minecraft:raw_copper":51,"minecraft:wheat":1,"farmersdelight:cabbage":4,"minecraft:rotten_flesh":2,"minecraft:cooked_mutton":2,"cgm:machine_pistol":1,"minecraft:light_gray_concrete":4,"minecraft:poppy":2,"minecraft:potato":1,"minecraft:spruce_boat":1,"minecraft:allium":1,"minecraft:andesite":6,"minecraft:spider_eye":1,"minecraft:slime_ball":1,"minecraft:stone_pickaxe":1,"minecraft:wooden_pickaxe":1,"minecraft:raw_gold":1,"minecraft:light_gray_concrete_powder":8},"minecraft:killed":{"minecraft:spider":3,"undead_revamp2:bomber":1,"minecraft:zombie_horse":1,"minecraft:skeleton":9,"undead_revamp2:thebidy":2,"undead_revamp2:thepregnant":1,"minecraft:pig":3,"undead_revamp2:the_moonflower":3,"minecraft:iron_golem":1,"minecraft:creeper":4,"minecraft:sheep":3,"undead_revamp2:thesomnolence":7,"minecraft:zombie":21,"undead_revamp2:theskeeper":1},"minecraft:picked_up":{"minecraft:crafting_table":7,"minecraft:iron_chestplate":1,"minecraft:wheat":1,"minecraft:allium":26,"minecraft:azure_bluet":1,"cgm:basic_bullet":333,"minecraft:chainmail_boots":1,"minecraft:wooden_pickaxe":2,"minecraft:shield":3,"minecraft:cornflower":6,"minecraft:string":7,"minecraft:red_bed":6,"cgm:machine_pistol":2,"minecraft:raw_copper":227,"minecraft:white_carpet":9,"minecraft:bucket":1,"minecraft:cobbled_deepslate":14,"farmersdelight:cabbage":6,"minecraft:spruce_planks":2,"minecraft:poppy":9,"minecraft:iron_pickaxe":7,"minecraft:light_gray_wool":1,"farmersdelight:cabbage_seeds":14,"minecraft:furnace":2,"minecraft:egg":1,"minecraft:stick":15,"minecraft:raw_iron":57,"minecraft:copper_ingot":2,"minecraft:torch":72,"minecraft:porkchop":11,"minecraft:carrot":12,"minecraft:redstone":36,"cgm:medium_scope":1,"minecraft:arrow":18,"minecraft:rotten_flesh":71,"farmersdelight:onion":15,"cgm:assault_rifle":2,"pvz_zengarden:zengarden_guide":4,"minecraft:mutton":9,"undead_revamp2:arapholia":1,"minecraft:white_wool":7,"minecraft:cobblestone":180,"minecraft:oxeye_daisy":5,"paraglider:paraglider":2,"minecraft:feather":7,"minecraft:cooked_beef":7,"minecraft:cherry_planks":5,"minecraft:andesite":6,"minecraft:leather":4,"minecraft:potato":33,"minecraft:tuff":8,"minecraft:golden_boots":2,"minecraft:gunpowder":15,"sanitydim:garland":2,"minecraft:dirt":319,"minecraft:blue_bed":6,"minecraft:white_banner":1,"minecraft:light_gray_concrete_powder":17,"weeping_angels:kontron_ingot":20,"farmersdelight:organic_compost":1,"minecraft:cooked_mutton":12,"minecraft:bone":20,"undead_revamp2:blacpetalblock":1,"minecraft:wheat_seeds":31,"minecraft:raw_gold":4,"farmersdelight:pumpkin_slice":17,"minecraft:stone_pickaxe":5,"minecraft:iron_ingot":8,"minecraft:stone_hoe":1,"minecraft:iron_sword":3,"minecraft:oak_planks":12,"minecraft:cooked_porkchop":2,"minecraft:dandelion":29,"minecraft:poisonous_potato":2,"minecraft:spruce_sapling":1,"minecraft:stripped_spruce_log":2,"minecraft:white_bed":5,"minecraft:spruce_log":11,"minecraft:spider_eye":2,"farmersdelight:cabbage_leaf":4,"travelersbackpack:white_sleeping_bag":2,"minecraft:light_gray_concrete":12,"minecraft:slime_ball":13,"minecraft:diamond":23,"minecraft:spruce_boat":4,"minecraft:stone_axe":3,"minecraft:granite":42,"minecraft:bone_meal":21,"minecraft:chainmail_helmet":3,"minecraft:baked_potato":6,"minecraft:light_gray_carpet":3,"minecraft:black_wool":3,"minecraft:coal":80},"minecraft:mined":{"undead_revamp2:arapholia":1,"minecraft:tuff":8,"minecraft:farmland":2,"minecraft:white_bed":2,"weeping_angels:deepslate_kontron_ore":3,"minecraft:deepslate_diamond_ore":8,"farmersdelight:wild_carrots":12,"minecraft:allium":1,"minecraft:grass_block":247,"travelersbackpack:white_sleeping_bag":2,"farmersdelight:wild_cabbages":14,"minecraft:spruce_leaves":9,"minecraft:oxeye_daisy":2,"farmersdelight:wild_onions":16,"minecraft:iron_ore":15,"minecraft:fire":1,"minecraft:azure_bluet":1,"minecraft:potatoes":8,"minecraft:deepslate_iron_ore":39,"minecraft:light_gray_concrete":8,"minecraft:stone":52,"farmersdelight:wild_potatoes":3,"minecraft:deepslate_redstone_ore":4,"minecraft:light_gray_carpet":3,"minecraft:cherry_planks":16,"minecraft:red_bed":4,"farmersdelight:organic_compost":1,"minecraft:dandelion":20,"minecraft:crafting_table":3,"minecraft:cornflower":1,"minecraft:light_gray_concrete_powder":1,"minecraft:poppy":6,"minecraft:tall_grass":8,"minecraft:copper_ore":40,"minecraft:cobblestone":102,"minecraft:deepslate_gold_ore":1,"minecraft:blue_bed":2,"farmersdelight:sandy_shrub":1,"minecraft:wheat":1,"minecraft:spruce_log":9,"minecraft:white_carpet":9,"weeping_angels:kontron_ore":6,"minecraft:grass":21,"minecraft:coal_ore":60,"minecraft:dirt":32,"minecraft:gold_ore":1,"minecraft:deepslate":8},"minecraft:broken":{"minecraft:golden_boots":1,"sanitydim:garland":1,"minecraft:stone_pickaxe":1,"minecraft:iron_pickaxe":1,"minecraft:stone_shovel":3},"minecraft:custom":{"minecraft:mob_kills":61,"minecraft:interact_with_crafting_table":24,"minecraft:damage_dealt_resisted":95,"minecraft:leave_game":10,"minecraft:time_since_death":75849,"minecraft:climb_one_cm":36197,"minecraft:sprint_one_cm":574341,"minecraft:walk_one_cm":1104709,"minecraft:damage_blocked_by_shield":380,"minecraft:drop":110,"minecraft:talked_to_villager":4,"minecraft:play_time":277437,"minecraft:deaths":9,"minecraft:sneak_time":15233,"minecraft:walk_under_water_one_cm":33448,"minecraft:boat_one_cm":185635,"minecraft:jump":4796,"minecraft:walk_on_water_one_cm":32407,"minecraft:total_world_time":277437,"minecraft:interact_with_furnace":77,"minecraft:sleep_in_bed":19,"minecraft:time_since_rest":486,"minecraft:damage_taken":4872,"minecraft:damage_dealt":4495,"minecraft:swim_one_cm":30545,"minecraft:fly_one_cm":721569,"minecraft:player_kills":1,"minecraft:open_chest":102,"minecraft:crouch_one_cm":37703,"minecraft:fall_one_cm":123273}},"DataVersion":3465}