{"stats":{"minecraft:used":{"minecraft:shield":9,"minecraft:iron_sword":85,"minecraft:cooked_chicken":1,"minecraft:torch":41,"minecraft:dirt":16,"minecraft:mutton":3,"minecraft:spruce_boat":2,"minecraft:furnace":3,"undead_revamp2:arapholia":1,"minecraft:cooked_beef":2,"minecraft:potato":12,"minecraft:cooked_mutton":10,"minecraft:stone_pickaxe":1,"minecraft:baked_potato":13,"minecraft:blue_bed":6,"farmersdelight:organic_compost":1,"minecraft:crafting_table":5,"minecraft:red_bed":3,"minecraft:white_bed":4,"minecraft:light_gray_concrete_powder":9,"minecraft:iron_pickaxe":141,"cgm:assault_rifle":10,"minecraft:stone_axe":11,"minecraft:cobblestone":24,"minecraft:cooked_porkchop":2,"minecraft:bone_meal":15},"minecraft:broken":{"minecraft:golden_boots":1,"sanitydim:garland":1},"minecraft:killed":{"minecraft:spider":2,"minecraft:skeleton":5,"undead_revamp2:thebidy":2,"undead_revamp2:thepregnant":1,"undead_revamp2:the_moonflower":1,"minecraft:iron_golem":1,"minecraft:creeper":1,"minecraft:sheep":2,"undead_revamp2:thesomnolence":4,"minecraft:zombie":13},"minecraft:dropped":{"minecraft:wheat_seeds":1,"minecraft:cooked_beef":5,"minecraft:diamond":2,"minecraft:poisonous_potato":2,"minecraft:copper_ingot":2,"minecraft:oxeye_daisy":3,"minecraft:cornflower":3,"weeping_angels:kontron_ingot":5,"minecraft:iron_pickaxe":1,"minecraft:string":2,"minecraft:spruce_sapling":1,"minecraft:dandelion":12,"minecraft:redstone":18,"minecraft:raw_copper":51,"minecraft:cooked_mutton":2,"minecraft:light_gray_concrete":4,"minecraft:poppy":2,"minecraft:potato":1,"minecraft:andesite":6,"minecraft:slime_ball":1,"minecraft:wooden_pickaxe":1,"minecraft:raw_gold":1,"minecraft:light_gray_concrete_powder":8},"minecraft:custom":{"minecraft:mob_kills":32,"minecraft:interact_with_crafting_table":8,"minecraft:damage_dealt_resisted":95,"minecraft:leave_game":4,"minecraft:time_since_death":3956,"minecraft:sprint_one_cm":278270,"minecraft:walk_one_cm":509666,"minecraft:damage_blocked_by_shield":380,"minecraft:drop":54,"minecraft:talked_to_villager":4,"minecraft:play_time":140346,"minecraft:deaths":3,"minecraft:sneak_time":4267,"minecraft:walk_under_water_one_cm":26700,"minecraft:boat_one_cm":144010,"minecraft:jump":2682,"minecraft:walk_on_water_one_cm":16189,"minecraft:total_world_time":140346,"minecraft:interact_with_furnace":41,"minecraft:sleep_in_bed":11,"minecraft:time_since_rest":3970,"minecraft:damage_taken":2376,"minecraft:damage_dealt":3566,"minecraft:swim_one_cm":2172,"minecraft:fly_one_cm":383719,"minecraft:player_kills":1,"minecraft:open_chest":20,"minecraft:crouch_one_cm":11110,"minecraft:fall_one_cm":65919},"minecraft:killed_by":{"minecraft:player":1,"minecraft:zombie":1},"minecraft:crafted":{"minecraft:oak_planks":20,"minecraft:cooked_chicken":1,"minecraft:bone_meal":6,"minecraft:stone_pickaxe":1,"minecraft:spruce_boat":2,"minecraft:spruce_planks":16,"minecraft:baked_potato":13,"minecraft:copper_ingot":2,"minecraft:air":0,"minecraft:iron_chestplate":1,"minecraft:shield":1,"minecraft:stick":4,"minecraft:iron_ingot":35,"minecraft:stone_sword":1},"minecraft:picked_up":{"minecraft:iron_chestplate":1,"minecraft:crafting_table":7,"minecraft:allium":2,"cgm:basic_bullet":141,"minecraft:wooden_pickaxe":2,"minecraft:shield":3,"minecraft:cornflower":6,"minecraft:string":2,"minecraft:red_bed":4,"minecraft:raw_copper":183,"minecraft:cobbled_deepslate":14,"minecraft:spruce_planks":2,"minecraft:poppy":4,"minecraft:iron_pickaxe":7,"minecraft:furnace":2,"minecraft:raw_iron":42,"minecraft:stick":1,"minecraft:torch":71,"minecraft:redstone":36,"cgm:medium_scope":1,"minecraft:arrow":16,"minecraft:rotten_flesh":56,"cgm:assault_rifle":2,"pvz_zengarden:zengarden_guide":4,"minecraft:mutton":4,"undead_revamp2:arapholia":1,"minecraft:white_wool":5,"minecraft:cobblestone":61,"minecraft:oxeye_daisy":4,"minecraft:feather":7,"minecraft:cooked_beef":7,"minecraft:andesite":6,"minecraft:leather":4,"minecraft:potato":33,"minecraft:tuff":5,"minecraft:golden_boots":2,"minecraft:gunpowder":8,"sanitydim:garland":1,"minecraft:blue_bed":6,"minecraft:dirt":60,"minecraft:light_gray_concrete_powder":17,"weeping_angels:kontron_ingot":14,"minecraft:cooked_mutton":12,"farmersdelight:organic_compost":1,"minecraft:bone":15,"minecraft:wheat_seeds":1,"minecraft:raw_gold":4,"minecraft:stone_pickaxe":4,"minecraft:iron_ingot":8,"minecraft:oak_planks":12,"minecraft:iron_sword":3,"minecraft:cooked_porkchop":2,"minecraft:dandelion":16,"minecraft:poisonous_potato":2,"minecraft:spruce_sapling":1,"minecraft:stripped_spruce_log":2,"minecraft:white_bed":5,"minecraft:spruce_log":2,"minecraft:light_gray_concrete":12,"minecraft:slime_ball":12,"minecraft:diamond":23,"minecraft:stone_axe":1,"minecraft:spruce_boat":2,"minecraft:granite":42,"minecraft:bone_meal":21,"minecraft:chainmail_helmet":3,"minecraft:baked_potato":1,"minecraft:black_wool":3,"minecraft:coal":22},"minecraft:mined":{"undead_revamp2:arapholia":1,"minecraft:tuff":5,"minecraft:white_bed":2,"weeping_angels:deepslate_kontron_ore":3,"minecraft:deepslate_diamond_ore":8,"minecraft:grass_block":1,"minecraft:oxeye_daisy":1,"minecraft:iron_ore":8,"minecraft:fire":1,"minecraft:potatoes":8,"minecraft:deepslate_iron_ore":31,"minecraft:light_gray_concrete":8,"minecraft:stone":28,"farmersdelight:wild_potatoes":3,"minecraft:deepslate_redstone_ore":4,"minecraft:red_bed":2,"farmersdelight:organic_compost":1,"minecraft:dandelion":4,"minecraft:crafting_table":3,"minecraft:cornflower":1,"minecraft:light_gray_concrete_powder":1,"minecraft:poppy":1,"minecraft:tall_grass":4,"minecraft:copper_ore":28,"minecraft:cobblestone":3,"minecraft:deepslate_gold_ore":1,"minecraft:blue_bed":2,"weeping_angels:kontron_ore":1,"minecraft:grass":4,"minecraft:coal_ore":1,"minecraft:dirt":10,"minecraft:gold_ore":1,"minecraft:deepslate":8}},"DataVersion":3465}