{"stats":{"minecraft:used":{"minecraft:stone_sword":18,"minecraft:stone_shovel":37,"minecraft:ladder":17,"minecraft:chest":4,"minecraft:shield":25,"minecraft:iron_sword":84,"minecraft:cooked_chicken":3,"minecraft:rotten_flesh":2,"minecraft:iron_chestplate":3,"minecraft:torch":24,"paraglider:goddess_statue":1,"minecraft:mutton":2,"sanitydim:garland":2,"minecraft:allium":19,"minecraft:bow":8,"minecraft:furnace":5,"undead_revamp2:arapholia":2,"minecraft:egg":5,"minecraft:cooked_beef":12,"minecraft:potato":2,"minecraft:cobbled_deepslate":13,"minecraft:water_bucket":2,"cgm:pistol":109,"minecraft:stone_pickaxe":122,"minecraft:oak_planks":2,"minecraft:wooden_pickaxe":22,"minecraft:cherry_planks":67,"farmersdelight:onion":16,"minecraft:crafting_table":7,"minecraft:white_bed":8,"minecraft:chicken":2,"minecraft:iron_pickaxe":89,"minecraft:stone_axe":107,"minecraft:cobblestone":20,"minecraft:bucket":2,"minecraft:gray_wool":2},"minecraft:broken":{"sanitydim:garland":2},"minecraft:killed":{"undead_revamp2:thehunter":1,"undead_revamp2:thegliter":2,"minecraft:spider":7,"minecraft:zombie_horse":1,"minecraft:skeleton":6,"minecraft:bee":1,"minecraft:chicken":10,"minecraft:skeleton_horse":1,"minecraft:zombie_villager":1,"undead_revamp2:the_moonflower":2,"minecraft:creeper":6,"minecraft:sheep":3,"minecraft:zombie":12,"minecraft:cow":6},"minecraft:dropped":{"minecraft:cooked_beef":4,"minecraft:diamond":1,"minecraft:feather":7,"minecraft:copper_ingot":3,"minecraft:cherry_planks":32,"minecraft:white_wool":3,"minecraft:cooked_chicken":2,"minecraft:raw_copper":77,"minecraft:raw_iron":3,"minecraft:rotten_flesh":41,"minecraft:oak_planks":18,"minecraft:gunpowder":3,"cgm:basic_bullet":64,"minecraft:spruce_planks":7,"minecraft:iron_chestplate":1,"minecraft:oak_sapling":1,"minecraft:ladder":27},"minecraft:custom":{"minecraft:mob_kills":64,"minecraft:interact_with_crafting_table":21,"minecraft:damage_dealt_resisted":125,"minecraft:leave_game":1,"minecraft:time_since_death":16447,"minecraft:climb_one_cm":1852,"minecraft:sprint_one_cm":202265,"minecraft:walk_one_cm":202378,"minecraft:damage_blocked_by_shield":855,"minecraft:drop":55,"minecraft:play_time":102988,"minecraft:deaths":3,"minecraft:sneak_time":4076,"minecraft:walk_under_water_one_cm":13454,"minecraft:jump":2005,"minecraft:walk_on_water_one_cm":24215,"minecraft:total_world_time":102988,"minecraft:interact_with_furnace":62,"minecraft:sleep_in_bed":12,"minecraft:time_since_rest":16472,"minecraft:damage_taken":2073,"minecraft:damage_dealt":5287,"minecraft:swim_one_cm":6395,"minecraft:fly_one_cm":328140,"minecraft:open_chest":33,"minecraft:crouch_one_cm":7079,"minecraft:fall_one_cm":47913},"minecraft:killed_by":{"sanitydim:sneaking_terror":1,"minecraft:zombie":1},"minecraft:crafted":{"minecraft:cherry_planks":140,"minecraft:oak_planks":40,"minecraft:stone_shovel":2,"minecraft:cooked_chicken":4,"minecraft:furnace":3,"sanitydim:garland":1,"minecraft:ladder":27,"minecraft:stone_pickaxe":1,"minecraft:chest":4,"minecraft:cooked_beef":15,"minecraft:crafting_table":2,"minecraft:spruce_planks":12,"minecraft:wooden_pickaxe":1,"minecraft:iron_sword":1,"minecraft:copper_ingot":40,"minecraft:bucket":1,"minecraft:stone_axe":1,"minecraft:air":0,"minecraft:white_wool":2,"minecraft:iron_chestplate":1,"minecraft:shield":1,"minecraft:stick":84,"minecraft:iron_ingot":28,"minecraft:iron_pickaxe":1,"minecraft:stone_sword":1,"minecraft:torch":12},"minecraft:picked_up":{"minecraft:crafting_table":4,"minecraft:iron_chestplate":4,"minecraft:allium":29,"minecraft:azure_bluet":1,"cgm:basic_bullet":675,"minecraft:chicken":15,"minecraft:ladder":27,"minecraft:shield":3,"minecraft:cornflower":2,"minecraft:string":26,"paraglider:goddess_statue":4,"minecraft:raw_copper":470,"minecraft:cobbled_deepslate":36,"minecraft:bucket":3,"minecraft:spruce_planks":19,"minecraft:beef":15,"minecraft:iron_pickaxe":3,"minecraft:egg":7,"minecraft:furnace":2,"minecraft:raw_iron":45,"minecraft:torch":14,"minecraft:cherry_log":35,"minecraft:redstone":190,"minecraft:arrow":37,"minecraft:rotten_flesh":37,"minecraft:beetroot_seeds":3,"farmersdelight:onion":22,"pvz_zengarden:zengarden_guide":1,"minecraft:mutton":4,"undead_revamp2:arapholia":2,"minecraft:white_wool":37,"minecraft:cobblestone":223,"minecraft:pink_petals":32,"minecraft:feather":27,"minecraft:cooked_beef":1,"minecraft:cherry_planks":16,"minecraft:andesite":3,"minecraft:leather":26,"minecraft:flint":2,"minecraft:oak_log":37,"minecraft:gunpowder":10,"sanitydim:garland":1,"minecraft:lapis_lazuli":100,"minecraft:dirt":5,"weeping_angels:kontron_ingot":7,"minecraft:bone":27,"minecraft:bow":3,"minecraft:wheat_seeds":9,"minecraft:raw_gold":66,"minecraft:iron_ingot":10,"minecraft:cooked_chicken":1,"minecraft:oak_planks":10,"minecraft:iron_sword":3,"minecraft:dandelion":12,"minecraft:gravel":2,"minecraft:white_bed":8,"minecraft:spruce_log":3,"cgm:pistol":3,"minecraft:diamond":13,"minecraft:stone_axe":3,"minecraft:gray_wool":2,"minecraft:emerald":1,"minecraft:oak_sapling":2,"minecraft:coal":46},"minecraft:mined":{"undead_revamp2:arapholia":2,"minecraft:white_bed":6,"minecraft:deepslate_diamond_ore":3,"minecraft:cherry_log":35,"minecraft:allium":6,"farmersdelight:wild_onions":12,"minecraft:redstone_ore":4,"minecraft:furnace":2,"minecraft:iron_ore":31,"minecraft:azure_bluet":1,"minecraft:deepslate_iron_ore":7,"minecraft:packed_ice":3,"minecraft:stone":67,"minecraft:deepslate_redstone_ore":10,"minecraft:cherry_planks":16,"minecraft:dandelion":13,"minecraft:crafting_table":4,"minecraft:cornflower":2,"minecraft:torch":6,"minecraft:emerald_ore":1,"minecraft:tall_grass":15,"minecraft:copper_ore":27,"minecraft:cobblestone":2,"minecraft:lapis_ore":4,"minecraft:deepslate_gold_ore":22,"minecraft:wall_torch":5,"minecraft:pink_petals":14,"minecraft:gray_wool":1,"minecraft:spruce_log":3,"weeping_angels:kontron_ore":5,"minecraft:grass":154,"minecraft:oak_log":37,"minecraft:coal_ore":30,"minecraft:gravel":2,"minecraft:dirt":1,"minecraft:oak_leaves":2,"minecraft:deepslate":10,"paraglider:goddess_statue":2}},"DataVersion":3465}