{"stats":{"minecraft:used":{"minecraft:cherry_sapling":7,"minecraft:ladder":24,"minecraft:chest":6,"minecraft:shield":28,"minecraft:iron_sword":113,"minecraft:rotten_flesh":5,"minecraft:iron_chestplate":4,"paraglider:goddess_statue":1,"minecraft:mutton":2,"sanitydim:garland":7,"minecraft:carrot":7,"minecraft:allium":19,"minecraft:tuff":1,"minecraft:snowball":18,"minecraft:spruce_boat":7,"minecraft:lava_bucket":1,"minecraft:bow":11,"minecraft:furnace":9,"minecraft:egg":5,"minecraft:potato":2,"minecraft:leather_leggings":1,"minecraft:stone_pickaxe":122,"minecraft:oak_planks":74,"minecraft:wooden_pickaxe":56,"minecraft:white_wool":3,"minecraft:glow_berries":2,"minecraft:bread":12,"cgm:assault_rifle":161,"minecraft:poisonous_potato":1,"minecraft:stone_sword":18,"minecraft:stone_shovel":132,"minecraft:spruce_planks":54,"minecraft:stone_hoe":14,"minecraft:cooked_chicken":3,"minecraft:torch":48,"minecraft:dirt":90,"minecraft:chainmail_chestplate":1,"minecraft:golden_chestplate":1,"farmersdelight:rope":2,"minecraft:wooden_axe":45,"paraglider:horned_statue":1,"minecraft:iron_boots":1,"undead_revamp2:arapholia":2,"minecraft:cooked_beef":12,"minecraft:cobbled_deepslate":23,"minecraft:cooked_mutton":6,"minecraft:wheat_seeds":53,"minecraft:water_bucket":4,"cgm:pistol":513,"minecraft:baked_potato":4,"minecraft:cherry_planks":254,"minecraft:salmon":6,"farmersdelight:onion":94,"minecraft:crafting_table":13,"minecraft:red_bed":1,"minecraft:magenta_bed":2,"minecraft:white_bed":14,"minecraft:apple":4,"pvz_zengarden:gardening_table":1,"minecraft:chicken":3,"minecraft:iron_pickaxe":229,"cgm:grenade":5,"minecraft:stone_axe":166,"minecraft:cobblestone":66,"minecraft:cooked_porkchop":7,"minecraft:bucket":6,"minecraft:brush":4,"minecraft:gray_wool":2},"minecraft:broken":{"minecraft:iron_boots":1,"sanitydim:garland":5,"minecraft:stone_axe":1,"minecraft:wooden_axe":1},"minecraft:killed":{"minecraft:spider":15,"undead_revamp2:thesmoker":2,"minecraft:zombie_horse":2,"minecraft:skeleton":22,"minecraft:bee":1,"minecraft:chicken":10,"undead_revamp2:therod":1,"minecraft:skeleton_horse":2,"minecraft:pig":3,"minecraft:zombie_villager":1,"minecraft:salmon":6,"undead_revamp2:thebeartamer":1,"minecraft:creeper":18,"minecraft:sheep":9,"minecraft:zombie":39,"minecraft:cow":6,"undead_revamp2:thehunter":1,"undead_revamp2:thegliter":3,"undead_revamp2:bomber":1,"undead_revamp2:the_moonflower":4,"undead_revamp2:thesomnolence":3},"minecraft:custom":{"minecraft:interact_with_crafting_table":46,"minecraft:leave_game":4,"minecraft:time_since_death":495,"minecraft:sprint_one_cm":595684,"minecraft:damage_blocked_by_shield":945,"minecraft:drop":160,"minecraft:talked_to_villager":3,"minecraft:play_time":275831,"minecraft:deaths":21,"minecraft:jump":5193,"minecraft:walk_on_water_one_cm":40949,"minecraft:enchant_item":1,"minecraft:interact_with_furnace":115,"minecraft:sleep_in_bed":23,"minecraft:damage_dealt":8632,"minecraft:player_kills":2,"minecraft:crouch_one_cm":54277,"minecraft:mob_kills":162,"minecraft:damage_dealt_resisted":233,"minecraft:climb_one_cm":53839,"minecraft:walk_one_cm":735850,"minecraft:sneak_time":18836,"minecraft:walk_under_water_one_cm":32081,"minecraft:boat_one_cm":62640,"minecraft:total_world_time":275831,"minecraft:time_since_rest":524,"minecraft:damage_taken":9680,"minecraft:swim_one_cm":16210,"minecraft:fly_one_cm":1039560,"minecraft:open_chest":194,"minecraft:fall_one_cm":155617},"minecraft:dropped":{"minecraft:lapis_lazuli":19,"minecraft:cooked_beef":4,"minecraft:diamond":1,"minecraft:crafting_table":1,"minecraft:cooked_porkchop":5,"travelersbackpack:horse":1,"minecraft:dirt":4,"weeping_angels:kontron_ingot":4,"minecraft:bone_meal":42,"minecraft:iron_pickaxe":2,"paraglider:paraglider":1,"minecraft:white_wool":3,"minecraft:gold_ingot":11,"minecraft:sugar_cane":3,"minecraft:cooked_chicken":2,"undead_revamp2:arapholia":1,"minecraft:cherry_sapling":1,"minecraft:rotten_flesh":48,"minecraft:oak_planks":18,"minecraft:cooked_mutton":3,"cgm:assault_rifle":2,"minecraft:chainmail_chestplate":1,"minecraft:gunpowder":6,"cgm:basic_bullet":450,"minecraft:ladder":27,"minecraft:chainmail_boots":1,"minecraft:iron_ingot":21,"minecraft:bread":1,"minecraft:wheat_seeds":2,"cgm:grenade":13,"minecraft:feather":7,"minecraft:cobblestone":15,"minecraft:copper_ingot":3,"minecraft:coal":6,"minecraft:stick":28,"minecraft:cherry_planks":32,"minecraft:iron_leggings":1,"minecraft:string":1,"minecraft:dandelion":6,"minecraft:furnace":1,"cgm:advanced_bullet":32,"minecraft:raw_copper":77,"minecraft:raw_iron":5,"minecraft:spruce_planks":7,"minecraft:iron_chestplate":2,"sanitydim:garland":3,"minecraft:oak_sapling":1,"minecraft:spider_eye":4},"minecraft:killed_by":{"minecraft:creeper":2,"sanitydim:rotting_stalker":2,"sanitydim:sneaking_terror":1,"undead_revamp2:bomber":1,"minecraft:zombie":1,"minecraft:player":7,"undead_revamp2:thehorrors":1},"minecraft:crafted":{"minecraft:oak_planks":108,"minecraft:cooked_chicken":4,"minecraft:cooked_mutton":9,"minecraft:glass":19,"minecraft:bow":1,"minecraft:chest":5,"minecraft:stone_hoe":1,"minecraft:cooked_porkchop":5,"minecraft:crafting_table":4,"minecraft:spruce_planks":108,"minecraft:wooden_pickaxe":2,"minecraft:baked_potato":4,"minecraft:brush":1,"minecraft:copper_ingot":77,"minecraft:iron_chestplate":1,"minecraft:charcoal":2,"minecraft:shield":1,"minecraft:stick":108,"minecraft:iron_pickaxe":1,"minecraft:iron_ingot":51,"minecraft:stone_sword":1,"minecraft:cherry_planks":404,"minecraft:stone_shovel":3,"minecraft:furnace":4,"sanitydim:garland":8,"minecraft:ladder":27,"minecraft:stone_pickaxe":1,"minecraft:spruce_boat":1,"minecraft:cooked_beef":15,"paraglider:paraglider":1,"minecraft:iron_sword":1,"minecraft:bucket":1,"minecraft:stone_axe":1,"minecraft:bread":8,"minecraft:air":0,"minecraft:white_wool":2,"minecraft:wooden_axe":1,"minecraft:white_bed":2,"minecraft:torch":20},"minecraft:picked_up":{"minecraft:iron_chestplate":6,"minecraft:wheat":28,"cgm:basic_bullet":1494,"minecraft:chainmail_boots":1,"minecraft:string":49,"paraglider:goddess_statue":4,"minecraft:raw_copper":495,"minecraft:iron_leggings":1,"minecraft:cobbled_deepslate":47,"minecraft:bucket":5,"minecraft:spruce_planks":105,"minecraft:iron_pickaxe":9,"cgm:advanced_bullet":288,"minecraft:iron_boots":1,"minecraft:furnace":10,"minecraft:stick":44,"minecraft:torch":41,"minecraft:porkchop":5,"minecraft:cherry_log":38,"minecraft:diorite":1,"minecraft:golden_chestplate":3,"minecraft:rotten_flesh":81,"farmersdelight:onion":155,"farmersdelight:rope":2,"undead_revamp2:arapholia":3,"minecraft:snowball":32,"minecraft:cobblestone":308,"paraglider:paraglider":4,"minecraft:pink_petals":32,"minecraft:feather":28,"minecraft:cooked_beef":1,"minecraft:cherry_planks":128,"minecraft:andesite":7,"minecraft:golden_leggings":1,"minecraft:potato":15,"minecraft:flint":2,"minecraft:tuff":4,"minecraft:magenta_bed":2,"minecraft:lapis_lazuli":120,"minecraft:dirt":131,"weeping_angels:kontron_ingot":14,"cgm:grenade":19,"minecraft:bone":47,"minecraft:bow":10,"minecraft:wheat_seeds":79,"minecraft:raw_gold":85,"minecraft:grindstone":1,"minecraft:oak_planks":17,"minecraft:cooked_porkchop":18,"minecraft:poisonous_potato":1,"undead_revamp2:heavytooth":2,"cgm:pistol":8,"minecraft:diamond":19,"minecraft:spruce_boat":8,"minecraft:bone_meal":42,"minecraft:emerald":1,"minecraft:bread":4,"minecraft:oak_sapling":2,"minecraft:crafting_table":12,"minecraft:allium":29,"minecraft:azure_bluet":1,"minecraft:chicken":16,"minecraft:ladder":34,"minecraft:leather_leggings":3,"minecraft:shield":7,"minecraft:cornflower":4,"minecraft:red_bed":1,"travelersbackpack:horse":1,"minecraft:beef":15,"minecraft:poppy":33,"minecraft:sugar_cane":39,"minecraft:chest":1,"minecraft:egg":7,"minecraft:raw_iron":51,"minecraft:copper_ingot":3,"minecraft:carrot":7,"minecraft:redstone":228,"minecraft:arrow":67,"minecraft:stone_shovel":1,"minecraft:beetroot_seeds":3,"cgm:assault_rifle":3,"pvz_zengarden:zengarden_guide":1,"paraglider:horned_statue":1,"minecraft:glow_berries":1,"minecraft:mutton":19,"minecraft:white_wool":48,"minecraft:salmon":6,"minecraft:leather":26,"minecraft:oak_log":37,"minecraft:chainmail_chestplate":3,"minecraft:gunpowder":30,"sanitydim:garland":3,"minecraft:cooked_mutton":4,"minecraft:iron_ingot":21,"minecraft:cooked_chicken":1,"minecraft:iron_sword":7,"minecraft:dandelion":57,"minecraft:gravel":2,"minecraft:lava_bucket":1,"minecraft:white_bed":12,"minecraft:spruce_log":29,"minecraft:spider_eye":4,"pvz_zengarden:gardening_table":1,"travelersbackpack:standard":1,"minecraft:slime_ball":1,"minecraft:stone_axe":5,"minecraft:cherry_sapling":13,"minecraft:gray_wool":2,"minecraft:coal":118,"cgm:workbench":1,"minecraft:wooden_axe":2},"minecraft:mined":{"undead_revamp2:arapholia":2,"minecraft:spruce_planks":1,"minecraft:white_bed":8,"minecraft:cherry_log":35,"minecraft:grass_block":46,"minecraft:iron_ore":31,"minecraft:fire":37,"minecraft:azure_bluet":1,"minecraft:dirt_path":1,"pvz_zengarden:gardening_table":1,"minecraft:deepslate_redstone_ore":13,"minecraft:red_bed":1,"minecraft:powder_snow":20,"minecraft:torch":19,"minecraft:poppy":30,"minecraft:chest":1,"minecraft:cobblestone":14,"minecraft:grindstone":1,"minecraft:sugar_cane":6,"minecraft:oak_planks":7,"minecraft:wall_torch":11,"minecraft:pink_petals":14,"paraglider:horned_statue":1,"minecraft:wheat":21,"minecraft:magenta_bed":1,"minecraft:grass":264,"minecraft:oak_log":37,"minecraft:dirt":9,"minecraft:oak_leaves":8,"minecraft:deepslate":21,"minecraft:tuff":4,"farmersdelight:onions":26,"weeping_angels:deepslate_kontron_ore":3,"minecraft:deepslate_diamond_ore":5,"minecraft:ladder":1,"minecraft:allium":6,"minecraft:spruce_leaves":24,"cgm:workbench":1,"minecraft:large_fern":14,"farmersdelight:wild_onions":12,"minecraft:redstone_ore":4,"minecraft:furnace":9,"minecraft:snow":5,"minecraft:andesite":4,"minecraft:potatoes":6,"farmersdelight:rope":1,"minecraft:deepslate_iron_ore":9,"minecraft:packed_ice":3,"minecraft:stone":124,"minecraft:white_wool":1,"minecraft:cherry_planks":58,"minecraft:dandelion":24,"minecraft:crafting_table":11,"minecraft:cornflower":2,"minecraft:emerald_ore":1,"minecraft:copper_ore":27,"minecraft:tall_grass":26,"minecraft:deepslate_gold_ore":28,"minecraft:lapis_ore":4,"minecraft:gray_wool":1,"minecraft:spruce_log":29,"weeping_angels:kontron_ore":5,"minecraft:coal_ore":75,"minecraft:gravel":2,"minecraft:cobweb":1,"minecraft:fern":4,"paraglider:goddess_statue":2}},"DataVersion":3465}