{"stats":{"minecraft:killed":{"minecraft:cave_spider":25,"minecraft:spider":38,"undead_revamp2:thesmoker":4,"minecraft:zombie_horse":1,"undead_revamp2:theswarmer":2,"minecraft:skeleton":95,"minecraft:bee":2,"undead_revamp2:therod":1,"minecraft:skeleton_horse":3,"undead_revamp2:thespitter":1,"minecraft:pig":17,"minecraft:zombie_villager":2,"undead_revamp2:theheavy":2,"minecraft:creeper":97,"minecraft:sheep":15,"undead_revamp2:thebidyupside":1,"minecraft:pillager":3,"minecraft:zombie":122,"minecraft:stray":1,"undead_revamp2:thegliter":4,"undead_revamp2:bomber":6,"undead_revamp2:thebidy":1,"minecraft:drowned":1,"undead_revamp2:sucker":1,"undead_revamp2:the_moonflower":9,"minecraft:bat":4,"undead_revamp2:thesomnolence":3},"minecraft:used":{"minecraft:cherry_sapling":7,"minecraft:chest":1,"minecraft:mutton":11,"sanitydim:garland":17,"minecraft:carrot":9,"minecraft:snowball":5,"minecraft:spruce_boat":4,"cgm:shotgun":46,"minecraft:furnace":4,"minecraft:egg":2,"minecraft:potato":3,"minecraft:diorite":7,"minecraft:spruce_door":1,"minecraft:stone_pickaxe":379,"minecraft:oak_planks":4,"minecraft:wooden_pickaxe":3,"farmersdelight:pumpkin_slice":9,"minecraft:blue_bed":10,"minecraft:glow_berries":6,"minecraft:bread":6,"cgm:assault_rifle":2449,"minecraft:bone_meal":307,"minecraft:stone_sword":8,"minecraft:stone_shovel":71,"minecraft:stone_hoe":64,"minecraft:cooked_chicken":2,"minecraft:torch":317,"minecraft:dirt":11,"cgm:workbench":4,"minecraft:golden_chestplate":1,"minecraft:cooked_beef":4,"minecraft:cherry_log":1,"minecraft:wheat_seeds":239,"minecraft:cooked_mutton":22,"minecraft:water_bucket":4,"minecraft:baked_potato":18,"farmersdelight:onion":85,"minecraft:crafting_table":23,"minecraft:red_bed":5,"minecraft:white_bed":10,"minecraft:light_gray_concrete_powder":8,"pvz_zengarden:gardening_table":1,"minecraft:iron_pickaxe":545,"cgm:grenade":9,"minecraft:spruce_sapling":2,"minecraft:stone_axe":141,"minecraft:cobblestone":151,"travelersbackpack:standard":6,"minecraft:cooked_porkchop":15,"minecraft:porkchop":2,"minecraft:bucket":4,"minecraft:gray_wool":1},"minecraft:custom":{"minecraft:interact_with_crafting_table":92,"minecraft:leave_game":10,"minecraft:time_since_death":192578,"minecraft:sprint_one_cm":404788,"minecraft:drop":144,"minecraft:talked_to_villager":1,"minecraft:play_time":490648,"minecraft:deaths":6,"minecraft:jump":6639,"minecraft:walk_on_water_one_cm":21917,"minecraft:interact_with_furnace":189,"minecraft:sleep_in_bed":41,"minecraft:damage_dealt":4156,"minecraft:player_kills":5,"minecraft:crouch_one_cm":9346,"minecraft:mob_kills":479,"minecraft:damage_dealt_resisted":3091,"minecraft:climb_one_cm":48083,"minecraft:walk_one_cm":2884891,"minecraft:sneak_time":5449,"minecraft:walk_under_water_one_cm":19115,"minecraft:boat_one_cm":231527,"minecraft:total_world_time":490648,"minecraft:time_since_rest":5008,"minecraft:damage_taken":6192,"minecraft:swim_one_cm":15164,"minecraft:fly_one_cm":902748,"minecraft:open_chest":199,"minecraft:fall_one_cm":103679},"minecraft:killed_by":{"minecraft:player":2,"minecraft:skeleton":1},"minecraft:broken":{"minecraft:golden_helmet":1,"minecraft:iron_boots":1,"sanitydim:garland":28,"minecraft:stone_pickaxe":2,"minecraft:stone_axe":1,"minecraft:golden_chestplate":1,"minecraft:iron_pickaxe":2},"minecraft:mined":{"undead_revamp2:arapholia":1,"minecraft:spruce_planks":1,"minecraft:white_bed":10,"minecraft:cherry_log":30,"minecraft:grass_block":13,"minecraft:oxeye_daisy":8,"minecraft:spawner":2,"minecraft:raw_iron_block":1,"minecraft:iron_ore":161,"minecraft:fire":34,"minecraft:pumpkin":13,"minecraft:azure_bluet":9,"minecraft:dirt_path":2,"minecraft:light_gray_concrete":6,"minecraft:deepslate_redstone_ore":3,"minecraft:red_bed":6,"minecraft:amethyst_cluster":3,"minecraft:torch":1,"minecraft:calcite":2,"minecraft:poppy":38,"minecraft:cobblestone":24,"minecraft:sugar_cane":3,"minecraft:oak_planks":1,"minecraft:wall_torch":1,"minecraft:amethyst_block":3,"minecraft:wheat":88,"minecraft:grass":382,"minecraft:oak_log":6,"minecraft:sand":32,"minecraft:dirt":4,"minecraft:deepslate":19,"minecraft:tuff":25,"farmersdelight:onions":21,"weeping_angels:deepslate_kontron_ore":1,"minecraft:deepslate_diamond_ore":2,"farmersdelight:wild_carrots":21,"minecraft:allium":22,"minecraft:spruce_leaves":6,"cgm:workbench":2,"minecraft:large_fern":3,"farmersdelight:wild_onions":20,"minecraft:furnace":4,"minecraft:andesite":10,"minecraft:deepslate_iron_ore":18,"minecraft:packed_ice":2,"minecraft:stone":274,"minecraft:glass_pane":1,"minecraft:dandelion":111,"travelersbackpack:standard":1,"minecraft:crafting_table":20,"minecraft:cornflower":8,"minecraft:tall_grass":85,"minecraft:copper_ore":58,"minecraft:lapis_ore":3,"minecraft:deepslate_gold_ore":3,"minecraft:diorite":18,"minecraft:blue_bed":10,"weeping_angels:kontron_ore":9,"minecraft:spruce_log":17,"minecraft:coal_ore":229,"minecraft:cherry_leaves":9,"minecraft:gravel":6,"minecraft:cobweb":6,"minecraft:gold_ore":1,"paraglider:goddess_statue":1},"minecraft:crafted":{"minecraft:black_dye":4,"minecraft:light_gray_concrete_powder":16,"minecraft:oak_planks":24,"minecraft:cooked_chicken":2,"pvz_zengarden:gardening_table":1,"minecraft:gray_wool":3,"minecraft:cooked_mutton":12,"minecraft:glass":5,"minecraft:iron_boots":1,"minecraft:chest":4,"minecraft:stone_hoe":2,"minecraft:cooked_porkchop":17,"minecraft:crafting_table":6,"minecraft:spruce_planks":68,"minecraft:baked_potato":18,"minecraft:wooden_pickaxe":1,"travelersbackpack:standard":2,"minecraft:chainmail_chestplate":1,"minecraft:copper_ingot":207,"minecraft:iron_chestplate":1,"minecraft:stick":104,"minecraft:iron_pickaxe":2,"minecraft:iron_ingot":135,"minecraft:stone_sword":1,"minecraft:gold_ingot":38,"minecraft:light_gray_dye":2,"minecraft:cherry_planks":92,"minecraft:raw_iron":9,"minecraft:stone_shovel":1,"minecraft:iron_nugget":54,"minecraft:furnace":2,"minecraft:gray_dye":6,"minecraft:bone_meal":345,"sanitydim:garland":26,"travelersbackpack:white_sleeping_bag":3,"minecraft:leather":30,"minecraft:stone_pickaxe":5,"minecraft:spruce_boat":1,"cgm:workbench":2,"paraglider:paraglider":2,"travelersbackpack:backpack_tank":4,"minecraft:bucket":1,"minecraft:stone_axe":3,"minecraft:bread":31,"minecraft:air":0,"minecraft:gold_nugget":18,"minecraft:white_dye":3,"minecraft:chainmail_boots":1,"minecraft:iron_leggings":1,"minecraft:white_bed":2,"minecraft:torch":316},"minecraft:dropped":{"minecraft:iron_sword":1,"minecraft:cooked_beef":1,"minecraft:diamond":4,"minecraft:cooked_porkchop":10,"minecraft:glow_berries":1,"travelersbackpack:horse":1,"travelersbackpack:standard":1,"minecraft:rail":4,"minecraft:leather_helmet":1,"minecraft:dirt":11,"minecraft:cornflower":2,"weeping_angels:kontron_ingot":1,"minecraft:bone_meal":15,"minecraft:iron_pickaxe":1,"paraglider:paraglider":1,"minecraft:blue_bed":2,"minecraft:bone":7,"minecraft:gravel":1,"minecraft:golden_chestplate":3,"minecraft:cobbled_deepslate":20,"minecraft:wheat":9,"undead_revamp2:arapholia":1,"minecraft:cherry_sapling":1,"minecraft:rotten_flesh":61,"cgm:machine_pistol":1,"minecraft:azure_bluet":4,"minecraft:white_bed":1,"minecraft:carrot":7,"minecraft:chainmail_chestplate":1,"minecraft:leather_chestplate":1,"minecraft:chainmail_boots":1,"minecraft:leather_leggings":2,"minecraft:arrow":26,"minecraft:light_gray_concrete_powder":8,"minecraft:egg":2,"minecraft:golden_boots":1,"minecraft:iron_ingot":7,"minecraft:wheat_seeds":27,"minecraft:golden_helmet":1,"minecraft:oak_fence":3,"minecraft:cobblestone":14,"minecraft:coal":48,"minecraft:lava_bucket":1,"minecraft:diorite":2,"cgm:medium_scope":1,"minecraft:torch":24,"minecraft:cherry_planks":22,"minecraft:pumpkin":10,"minecraft:chainmail_leggings":2,"minecraft:string":29,"minecraft:redstone":26,"cgm:advanced_bullet":64,"minecraft:tuff":11,"minecraft:raw_iron":9,"minecraft:shield":1,"minecraft:andesite":9,"sanitydim:garland":1,"minecraft:golden_leggings":1,"minecraft:spider_eye":16,"minecraft:slime_ball":1,"minecraft:bow":8,"minecraft:wooden_pickaxe":2,"minecraft:raw_gold":9,"minecraft:calcite":2},"minecraft:picked_up":{"minecraft:iron_chestplate":1,"minecraft:wheat":92,"cgm:basic_bullet":4428,"minecraft:chainmail_boots":5,"minecraft:amethyst_block":6,"paraglider:goddess_statue":1,"minecraft:string":65,"cgm:machine_pistol":1,"minecraft:raw_copper":301,"minecraft:iron_leggings":1,"minecraft:cobbled_deepslate":29,"minecraft:spruce_planks":10,"cgm:short_scope":1,"minecraft:calcite":4,"minecraft:iron_pickaxe":3,"minecraft:iron_boots":3,"minecraft:furnace":4,"minecraft:golden_helmet":2,"minecraft:stick":83,"cgm:light_grip":1,"minecraft:oak_fence":3,"minecraft:torch":109,"minecraft:porkchop":23,"minecraft:cherry_log":33,"minecraft:diorite":13,"minecraft:golden_chestplate":5,"cgm:medium_scope":2,"minecraft:rotten_flesh":170,"farmersdelight:onion":94,"undead_revamp2:arapholia":3,"minecraft:snowball":5,"minecraft:cobblestone":369,"paraglider:paraglider":3,"minecraft:leather_chestplate":1,"minecraft:cooked_beef":5,"minecraft:cherry_planks":46,"minecraft:andesite":12,"minecraft:potato":2,"paraglider:spirit_orb":4,"minecraft:tuff":29,"minecraft:lapis_lazuli":24,"minecraft:dirt":29,"cgm:grenade":35,"weeping_angels:kontron_ingot":19,"minecraft:bone":127,"minecraft:bow":10,"minecraft:wheat_seeds":309,"minecraft:raw_gold":10,"farmersdelight:pumpkin_slice":9,"minecraft:stone_hoe":1,"minecraft:oak_planks":1,"minecraft:cooked_porkchop":3,"minecraft:sand":94,"undead_revamp2:heavytooth":2,"travelersbackpack:white_sleeping_bag":1,"cgm:shell":480,"minecraft:light_gray_concrete":11,"minecraft:diamond":9,"minecraft:spruce_boat":6,"minecraft:bone_meal":27,"minecraft:bread":2,"minecraft:crafting_table":20,"minecraft:allium":61,"minecraft:azure_bluet":9,"minecraft:leather_leggings":2,"minecraft:wooden_pickaxe":3,"minecraft:shield":1,"minecraft:cornflower":9,"minecraft:red_bed":5,"cgm:shotgun":1,"travelersbackpack:horse":1,"minecraft:beef":2,"minecraft:iron_nugget":17,"minecraft:poppy":40,"minecraft:light_gray_wool":4,"minecraft:sugar_cane":10,"minecraft:egg":4,"minecraft:raw_iron":211,"minecraft:copper_ingot":54,"minecraft:carrot":23,"minecraft:redstone":48,"minecraft:arrow":96,"cgm:assault_rifle":4,"pvz_zengarden:zengarden_guide":4,"minecraft:gold_ingot":11,"minecraft:glow_berries":4,"minecraft:mutton":22,"minecraft:rail":4,"minecraft:white_wool":14,"minecraft:oxeye_daisy":9,"minecraft:oak_log":6,"minecraft:chainmail_chestplate":2,"minecraft:gunpowder":104,"sanitydim:garland":9,"minecraft:blue_bed":12,"minecraft:cooked_mutton":10,"minecraft:iron_ingot":57,"minecraft:stone_pickaxe":7,"minecraft:iron_sword":2,"minecraft:pumpkin":13,"minecraft:dandelion":127,"minecraft:raw_iron_block":1,"minecraft:gravel":5,"minecraft:lava_bucket":1,"minecraft:amethyst_shard":35,"minecraft:spruce_sapling":2,"minecraft:white_bed":10,"minecraft:spruce_log":17,"minecraft:spruce_door":2,"minecraft:spider_eye":18,"minecraft:leather_helmet":1,"travelersbackpack:standard":1,"minecraft:slime_ball":2,"cgm:tactical_stock":2,"minecraft:stone_axe":4,"minecraft:chainmail_leggings":2,"minecraft:cherry_sapling":8,"minecraft:gray_wool":2,"cgm:workbench":3,"minecraft:coal":261}},"DataVersion":3465}