{"stats":{"minecraft:used":{"minecraft:cooked_chicken":2,"minecraft:torch":95,"minecraft:mutton":11,"cgm:workbench":1,"sanitydim:garland":6,"minecraft:golden_chestplate":1,"minecraft:snowball":5,"minecraft:furnace":1,"minecraft:cooked_beef":4,"minecraft:potato":2,"minecraft:cooked_mutton":11,"minecraft:spruce_door":1,"minecraft:stone_pickaxe":210,"minecraft:oak_planks":3,"minecraft:wooden_pickaxe":3,"minecraft:blue_bed":10,"minecraft:crafting_table":9,"minecraft:red_bed":5,"minecraft:white_bed":7,"minecraft:spruce_sapling":2,"cgm:assault_rifle":366,"minecraft:stone_axe":101,"minecraft:cobblestone":59,"minecraft:cooked_porkchop":5,"minecraft:gray_wool":1,"minecraft:bone_meal":9},"minecraft:broken":{"sanitydim:garland":6,"minecraft:stone_pickaxe":1,"minecraft:stone_axe":1},"minecraft:killed":{"minecraft:spider":13,"undead_revamp2:theswarmer":1,"minecraft:skeleton":14,"undead_revamp2:thebidy":1,"minecraft:skeleton_horse":1,"minecraft:pig":4,"undead_revamp2:the_moonflower":4,"minecraft:creeper":17,"minecraft:sheep":7,"undead_revamp2:thebidyupside":1,"undead_revamp2:thesomnolence":2,"minecraft:zombie":31,"minecraft:stray":1},"minecraft:custom":{"minecraft:mob_kills":105,"minecraft:interact_with_crafting_table":31,"minecraft:damage_dealt_resisted":108,"minecraft:leave_game":4,"minecraft:time_since_death":6210,"minecraft:sprint_one_cm":155416,"minecraft:walk_one_cm":743100,"minecraft:drop":45,"minecraft:talked_to_villager":1,"minecraft:play_time":147240,"minecraft:deaths":3,"minecraft:sneak_time":1065,"minecraft:walk_under_water_one_cm":9314,"minecraft:boat_one_cm":192743,"minecraft:jump":2524,"minecraft:walk_on_water_one_cm":6081,"minecraft:total_world_time":147240,"minecraft:interact_with_furnace":42,"minecraft:sleep_in_bed":18,"minecraft:time_since_rest":6231,"minecraft:damage_taken":2681,"minecraft:damage_dealt":3866,"minecraft:fly_one_cm":358955,"minecraft:open_chest":13,"minecraft:crouch_one_cm":1730,"minecraft:fall_one_cm":51895},"minecraft:dropped":{"minecraft:iron_ingot":6,"minecraft:wheat_seeds":3,"minecraft:cooked_beef":1,"minecraft:cooked_porkchop":2,"minecraft:cobblestone":14,"minecraft:dirt":5,"minecraft:diorite":1,"minecraft:torch":24,"cgm:medium_scope":1,"weeping_angels:kontron_ingot":1,"minecraft:bone_meal":15,"minecraft:string":5,"minecraft:blue_bed":2,"minecraft:gravel":1,"minecraft:cobbled_deepslate":9,"minecraft:tuff":1,"minecraft:raw_iron":7,"undead_revamp2:arapholia":1,"minecraft:rotten_flesh":29,"cgm:machine_pistol":1,"minecraft:spider_eye":3,"minecraft:arrow":2,"minecraft:wooden_pickaxe":2,"minecraft:calcite":2,"minecraft:light_gray_concrete_powder":8,"minecraft:egg":2},"minecraft:killed_by":{"minecraft:skeleton":1},"minecraft:crafted":{"minecraft:black_dye":2,"minecraft:light_gray_concrete_powder":8,"minecraft:oak_planks":20,"minecraft:iron_nugget":27,"minecraft:cooked_chicken":2,"minecraft:furnace":1,"minecraft:gray_dye":4,"minecraft:bone_meal":36,"sanitydim:garland":5,"minecraft:gray_wool":2,"minecraft:cooked_mutton":4,"minecraft:leather":5,"minecraft:stone_pickaxe":4,"cgm:workbench":1,"paraglider:paraglider":1,"minecraft:cooked_porkchop":7,"minecraft:crafting_table":4,"minecraft:spruce_planks":52,"minecraft:wooden_pickaxe":1,"minecraft:copper_ingot":54,"minecraft:stone_axe":1,"minecraft:air":0,"minecraft:white_dye":2,"minecraft:stick":44,"minecraft:iron_ingot":31,"minecraft:light_gray_dye":1,"minecraft:white_bed":2,"minecraft:torch":140},"minecraft:picked_up":{"minecraft:crafting_table":6,"cgm:basic_bullet":1628,"minecraft:chainmail_boots":2,"minecraft:wooden_pickaxe":3,"minecraft:amethyst_block":6,"minecraft:cornflower":1,"minecraft:string":7,"minecraft:red_bed":5,"cgm:machine_pistol":1,"minecraft:raw_copper":141,"minecraft:cobbled_deepslate":18,"minecraft:spruce_planks":10,"minecraft:beef":2,"minecraft:calcite":4,"minecraft:iron_nugget":14,"minecraft:poppy":29,"minecraft:light_gray_wool":4,"minecraft:egg":2,"minecraft:stick":20,"minecraft:raw_iron":48,"cgm:light_grip":1,"minecraft:copper_ingot":32,"minecraft:torch":38,"minecraft:porkchop":9,"minecraft:diorite":1,"minecraft:redstone":22,"minecraft:golden_chestplate":2,"cgm:medium_scope":2,"minecraft:arrow":41,"minecraft:rotten_flesh":72,"cgm:assault_rifle":2,"pvz_zengarden:zengarden_guide":4,"minecraft:mutton":21,"undead_revamp2:arapholia":2,"minecraft:snowball":5,"minecraft:white_wool":13,"minecraft:cobblestone":133,"minecraft:oxeye_daisy":2,"paraglider:paraglider":1,"minecraft:cooked_beef":5,"minecraft:andesite":3,"minecraft:potato":1,"minecraft:tuff":2,"minecraft:oak_log":5,"minecraft:gunpowder":18,"sanitydim:garland":4,"minecraft:dirt":6,"minecraft:blue_bed":12,"weeping_angels:kontron_ingot":2,"minecraft:cooked_mutton":7,"minecraft:bone":42,"minecraft:wheat_seeds":10,"minecraft:stone_pickaxe":5,"minecraft:iron_ingot":21,"minecraft:dandelion":25,"minecraft:gravel":5,"minecraft:sand":90,"minecraft:amethyst_shard":35,"minecraft:spruce_sapling":2,"minecraft:white_bed":5,"minecraft:spruce_log":13,"minecraft:spruce_door":2,"minecraft:spider_eye":4,"minecraft:light_gray_concrete":5,"cgm:tactical_stock":1,"minecraft:spruce_boat":2,"minecraft:stone_axe":2,"minecraft:bone_meal":12,"minecraft:gray_wool":2,"minecraft:coal":49,"cgm:workbench":1},"minecraft:mined":{"minecraft:tuff":1,"minecraft:white_bed":5,"minecraft:grass_block":2,"minecraft:spruce_leaves":6,"minecraft:oxeye_daisy":1,"minecraft:large_fern":3,"minecraft:furnace":1,"minecraft:iron_ore":21,"minecraft:fire":2,"minecraft:andesite":1,"minecraft:deepslate_iron_ore":8,"minecraft:packed_ice":2,"minecraft:stone":93,"minecraft:glass_pane":1,"minecraft:red_bed":6,"minecraft:amethyst_cluster":3,"minecraft:dandelion":16,"minecraft:crafting_table":7,"minecraft:torch":1,"minecraft:calcite":2,"minecraft:poppy":28,"minecraft:tall_grass":25,"minecraft:copper_ore":14,"minecraft:cobblestone":4,"minecraft:diorite":1,"minecraft:blue_bed":10,"minecraft:amethyst_block":3,"minecraft:spruce_log":13,"minecraft:grass":51,"minecraft:oak_log":5,"minecraft:coal_ore":43,"minecraft:gravel":5,"minecraft:sand":28,"minecraft:dirt":4,"minecraft:deepslate":9}},"DataVersion":3465}