{"stats":{"minecraft:killed_by":{"minecraft:player":2,"minecraft:skeleton":1},"minecraft:used":{"minecraft:cherry_sapling":3,"minecraft:chest":1,"minecraft:mutton":11,"sanitydim:garland":11,"minecraft:carrot":9,"minecraft:snowball":5,"minecraft:spruce_boat":4,"minecraft:furnace":2,"minecraft:egg":1,"minecraft:potato":2,"minecraft:diorite":4,"minecraft:spruce_door":1,"minecraft:stone_pickaxe":304,"minecraft:oak_planks":4,"minecraft:wooden_pickaxe":3,"minecraft:blue_bed":10,"minecraft:glow_berries":6,"cgm:assault_rifle":1705,"minecraft:bone_meal":76,"minecraft:stone_shovel":71,"minecraft:stone_hoe":51,"minecraft:cooked_chicken":2,"minecraft:torch":201,"minecraft:dirt":9,"cgm:workbench":4,"minecraft:golden_chestplate":1,"minecraft:cooked_beef":4,"minecraft:wheat_seeds":15,"minecraft:cooked_mutton":21,"minecraft:water_bucket":4,"minecraft:baked_potato":18,"farmersdelight:onion":64,"minecraft:crafting_table":15,"minecraft:red_bed":5,"minecraft:white_bed":9,"minecraft:light_gray_concrete_powder":8,"pvz_zengarden:gardening_table":1,"minecraft:iron_pickaxe":368,"cgm:grenade":6,"minecraft:spruce_sapling":2,"minecraft:stone_axe":109,"minecraft:cobblestone":102,"travelersbackpack:standard":4,"minecraft:cooked_porkchop":9,"minecraft:porkchop":2,"minecraft:bucket":4,"minecraft:gray_wool":1},"minecraft:crafted":{"minecraft:black_dye":4,"minecraft:light_gray_concrete_powder":16,"minecraft:oak_planks":24,"minecraft:cooked_chicken":2,"pvz_zengarden:gardening_table":1,"minecraft:gray_wool":3,"minecraft:cooked_mutton":12,"minecraft:glass":5,"minecraft:chest":4,"minecraft:stone_hoe":1,"minecraft:cooked_porkchop":12,"minecraft:crafting_table":5,"minecraft:spruce_planks":68,"travelersbackpack:standard":2,"minecraft:wooden_pickaxe":1,"minecraft:baked_potato":18,"minecraft:chainmail_chestplate":1,"minecraft:copper_ingot":110,"minecraft:iron_chestplate":1,"minecraft:stick":72,"minecraft:iron_pickaxe":1,"minecraft:iron_ingot":80,"minecraft:gold_ingot":38,"minecraft:light_gray_dye":2,"minecraft:cherry_planks":12,"minecraft:raw_iron":9,"minecraft:stone_shovel":1,"minecraft:iron_nugget":54,"minecraft:furnace":2,"minecraft:gray_dye":6,"minecraft:bone_meal":99,"sanitydim:garland":14,"travelersbackpack:white_sleeping_bag":3,"minecraft:leather":25,"minecraft:stone_pickaxe":5,"minecraft:spruce_boat":1,"cgm:workbench":2,"paraglider:paraglider":2,"travelersbackpack:backpack_tank":4,"minecraft:bucket":1,"minecraft:stone_axe":2,"minecraft:bread":1,"minecraft:air":0,"minecraft:gold_nugget":18,"minecraft:white_dye":3,"minecraft:chainmail_boots":1,"minecraft:iron_leggings":1,"minecraft:white_bed":2,"minecraft:torch":196},"minecraft:dropped":{"minecraft:iron_sword":1,"minecraft:cooked_beef":1,"minecraft:diamond":4,"minecraft:cooked_porkchop":10,"minecraft:glow_berries":1,"travelersbackpack:horse":1,"travelersbackpack:standard":1,"minecraft:leather_helmet":1,"minecraft:dirt":5,"minecraft:cornflower":2,"weeping_angels:kontron_ingot":1,"minecraft:bone_meal":15,"minecraft:iron_pickaxe":1,"paraglider:paraglider":1,"minecraft:blue_bed":2,"minecraft:gravel":1,"minecraft:golden_chestplate":3,"minecraft:cobbled_deepslate":20,"minecraft:wheat":9,"undead_revamp2:arapholia":1,"minecraft:cherry_sapling":1,"minecraft:rotten_flesh":38,"cgm:machine_pistol":1,"minecraft:azure_bluet":4,"minecraft:white_bed":1,"minecraft:carrot":7,"minecraft:chainmail_chestplate":1,"minecraft:leather_chestplate":1,"minecraft:chainmail_boots":1,"minecraft:leather_leggings":2,"minecraft:arrow":17,"minecraft:light_gray_concrete_powder":8,"minecraft:egg":2,"minecraft:golden_boots":1,"minecraft:iron_ingot":7,"minecraft:wheat_seeds":22,"minecraft:golden_helmet":1,"minecraft:cobblestone":14,"minecraft:coal":48,"minecraft:lava_bucket":1,"minecraft:diorite":1,"cgm:medium_scope":1,"minecraft:torch":24,"minecraft:cherry_planks":22,"minecraft:pumpkin":10,"minecraft:chainmail_leggings":1,"minecraft:string":16,"minecraft:redstone":26,"cgm:advanced_bullet":64,"minecraft:tuff":11,"minecraft:raw_iron":9,"minecraft:shield":1,"sanitydim:garland":1,"minecraft:golden_leggings":1,"minecraft:spider_eye":7,"minecraft:slime_ball":1,"minecraft:bow":7,"minecraft:wooden_pickaxe":2,"minecraft:raw_gold":9,"minecraft:calcite":2},"minecraft:killed":{"minecraft:cave_spider":5,"minecraft:spider":29,"undead_revamp2:thesmoker":4,"minecraft:zombie_horse":1,"undead_revamp2:theswarmer":1,"minecraft:skeleton":58,"undead_revamp2:therod":1,"minecraft:skeleton_horse":3,"minecraft:pig":14,"minecraft:zombie_villager":1,"undead_revamp2:theheavy":2,"minecraft:creeper":62,"minecraft:sheep":15,"undead_revamp2:thebidyupside":1,"minecraft:pillager":3,"minecraft:zombie":83,"minecraft:stray":1,"undead_revamp2:thegliter":4,"undead_revamp2:bomber":6,"undead_revamp2:thebidy":1,"undead_revamp2:the_moonflower":7,"minecraft:bat":3,"undead_revamp2:thesomnolence":3},"minecraft:picked_up":{"minecraft:iron_chestplate":1,"minecraft:wheat":9,"cgm:basic_bullet":3724,"minecraft:chainmail_boots":5,"minecraft:amethyst_block":6,"paraglider:goddess_statue":1,"minecraft:string":35,"cgm:machine_pistol":1,"minecraft:raw_copper":206,"minecraft:iron_leggings":1,"minecraft:cobbled_deepslate":29,"minecraft:spruce_planks":10,"minecraft:calcite":4,"minecraft:iron_pickaxe":3,"minecraft:iron_boots":1,"minecraft:furnace":2,"minecraft:golden_helmet":2,"minecraft:stick":79,"cgm:light_grip":1,"minecraft:torch":108,"minecraft:porkchop":18,"minecraft:cherry_log":12,"minecraft:diorite":9,"minecraft:golden_chestplate":5,"cgm:medium_scope":2,"minecraft:rotten_flesh":137,"farmersdelight:onion":74,"undead_revamp2:arapholia":3,"minecraft:snowball":5,"minecraft:cobblestone":291,"paraglider:paraglider":3,"minecraft:leather_chestplate":1,"minecraft:cooked_beef":5,"minecraft:cherry_planks":46,"minecraft:andesite":3,"minecraft:potato":1,"minecraft:tuff":29,"minecraft:lapis_lazuli":24,"minecraft:dirt":23,"cgm:grenade":31,"weeping_angels:kontron_ingot":10,"minecraft:bone":97,"minecraft:bow":8,"minecraft:wheat_seeds":80,"minecraft:raw_gold":9,"farmersdelight:pumpkin_slice":9,"minecraft:stone_hoe":1,"minecraft:oak_planks":1,"minecraft:cooked_porkchop":3,"minecraft:sand":94,"undead_revamp2:heavytooth":2,"travelersbackpack:white_sleeping_bag":1,"cgm:shell":384,"minecraft:light_gray_concrete":11,"minecraft:diamond":9,"minecraft:spruce_boat":6,"minecraft:bone_meal":27,"minecraft:bread":2,"minecraft:crafting_table":13,"minecraft:allium":2,"minecraft:azure_bluet":9,"minecraft:leather_leggings":2,"minecraft:wooden_pickaxe":3,"minecraft:shield":1,"minecraft:cornflower":5,"minecraft:red_bed":5,"cgm:shotgun":1,"travelersbackpack:horse":1,"minecraft:beef":2,"minecraft:iron_nugget":17,"minecraft:poppy":36,"minecraft:light_gray_wool":4,"minecraft:sugar_cane":10,"minecraft:egg":3,"minecraft:raw_iron":116,"minecraft:copper_ingot":54,"minecraft:carrot":7,"minecraft:redstone":48,"minecraft:arrow":83,"cgm:assault_rifle":4,"pvz_zengarden:zengarden_guide":4,"minecraft:gold_ingot":11,"minecraft:glow_berries":4,"minecraft:mutton":22,"minecraft:white_wool":14,"minecraft:oxeye_daisy":8,"minecraft:oak_log":6,"minecraft:chainmail_chestplate":2,"minecraft:gunpowder":69,"sanitydim:garland":9,"minecraft:blue_bed":12,"minecraft:cooked_mutton":10,"minecraft:iron_ingot":56,"minecraft:stone_pickaxe":7,"minecraft:iron_sword":2,"minecraft:pumpkin":13,"minecraft:dandelion":95,"minecraft:raw_iron_block":1,"minecraft:gravel":5,"minecraft:lava_bucket":1,"minecraft:amethyst_shard":35,"minecraft:spruce_sapling":2,"minecraft:white_bed":9,"minecraft:spruce_log":17,"minecraft:spruce_door":2,"minecraft:spider_eye":9,"minecraft:leather_helmet":1,"travelersbackpack:standard":1,"minecraft:slime_ball":2,"cgm:tactical_stock":2,"minecraft:stone_axe":4,"minecraft:chainmail_leggings":1,"minecraft:cherry_sapling":4,"minecraft:gray_wool":2,"cgm:workbench":3,"minecraft:coal":212},"minecraft:mined":{"undead_revamp2:arapholia":1,"minecraft:spruce_planks":1,"minecraft:white_bed":9,"minecraft:cherry_log":9,"minecraft:grass_block":13,"minecraft:oxeye_daisy":7,"minecraft:raw_iron_block":1,"minecraft:iron_ore":76,"minecraft:fire":19,"minecraft:pumpkin":13,"minecraft:azure_bluet":9,"minecraft:dirt_path":2,"minecraft:light_gray_concrete":6,"minecraft:deepslate_redstone_ore":3,"minecraft:red_bed":6,"minecraft:amethyst_cluster":3,"minecraft:torch":1,"minecraft:calcite":2,"minecraft:poppy":34,"minecraft:cobblestone":13,"minecraft:oak_planks":1,"minecraft:sugar_cane":3,"minecraft:amethyst_block":3,"minecraft:grass":372,"minecraft:oak_log":6,"minecraft:sand":32,"minecraft:dirt":4,"minecraft:deepslate":19,"minecraft:tuff":25,"farmersdelight:onions":21,"weeping_angels:deepslate_kontron_ore":1,"minecraft:deepslate_diamond_ore":2,"farmersdelight:wild_carrots":6,"minecraft:allium":2,"minecraft:spruce_leaves":6,"cgm:workbench":2,"minecraft:large_fern":3,"minecraft:furnace":2,"minecraft:andesite":1,"minecraft:deepslate_iron_ore":18,"minecraft:packed_ice":2,"minecraft:stone":215,"minecraft:glass_pane":1,"minecraft:dandelion":79,"travelersbackpack:standard":1,"minecraft:crafting_table":13,"minecraft:cornflower":4,"minecraft:tall_grass":85,"minecraft:copper_ore":31,"minecraft:deepslate_gold_ore":3,"minecraft:lapis_ore":3,"minecraft:diorite":10,"minecraft:blue_bed":10,"minecraft:spruce_log":17,"minecraft:coal_ore":196,"minecraft:gravel":5,"paraglider:goddess_statue":1},"minecraft:broken":{"minecraft:golden_helmet":1,"sanitydim:garland":20,"minecraft:stone_pickaxe":2,"minecraft:stone_axe":1,"minecraft:golden_chestplate":1,"minecraft:iron_pickaxe":2},"minecraft:custom":{"minecraft:interact_with_crafting_table":77,"minecraft:leave_game":10,"minecraft:time_since_death":75397,"minecraft:sprint_one_cm":332079,"minecraft:drop":118,"minecraft:talked_to_villager":1,"minecraft:play_time":373467,"minecraft:deaths":6,"minecraft:jump":5488,"minecraft:walk_on_water_one_cm":13937,"minecraft:interact_with_furnace":148,"minecraft:sleep_in_bed":35,"minecraft:damage_dealt":4156,"minecraft:player_kills":5,"minecraft:crouch_one_cm":6454,"minecraft:mob_kills":320,"minecraft:damage_dealt_resisted":3038,"minecraft:climb_one_cm":36965,"minecraft:walk_one_cm":2065385,"minecraft:sneak_time":3783,"minecraft:walk_under_water_one_cm":16325,"minecraft:boat_one_cm":231527,"minecraft:total_world_time":373467,"minecraft:time_since_rest":4467,"minecraft:damage_taken":5288,"minecraft:swim_one_cm":8108,"minecraft:fly_one_cm":781429,"minecraft:open_chest":167,"minecraft:fall_one_cm":91445}},"DataVersion":3465}