{"stats":{"minecraft:used":{"minecraft:cooked_mutton":3,"minecraft:water_bucket":10,"minecraft:flint_and_steel":1,"minecraft:diamond_boots":1,"farmersdelight:diamond_knife":7,"minecraft:stone_pickaxe":174,"minecraft:wooden_pickaxe":16,"minecraft:iron_sword":2,"minecraft:torch":41,"minecraft:dirt":5,"sanitydim:garland":1,"minecraft:crafting_table":10,"minecraft:white_bed":2,"minecraft:granite":22,"minecraft:diamond_pickaxe":457,"minecraft:lava_bucket":22,"minecraft:iron_axe":20,"minecraft:iron_pickaxe":110,"minecraft:stone_axe":28,"minecraft:diamond_sword":18,"travelersbackpack:standard":3,"minecraft:cobblestone":29,"minecraft:furnace":12,"minecraft:bucket":33,"minecraft:cobbled_deepslate":26,"minecraft:iron_leggings":1},"minecraft:broken":{"minecraft:stone_pickaxe":1,"sanitydim:garland":1},"minecraft:killed":{"minecraft:sheep":11,"undead_revamp2:thebidyupside":1,"minecraft:cow":3},"minecraft:custom":{"minecraft:interact_with_furnace":48,"minecraft:mob_kills":15,"minecraft:interact_with_crafting_table":28,"minecraft:leave_game":3,"minecraft:time_since_death":29936,"minecraft:sleep_in_bed":1,"minecraft:time_since_rest":19107,"minecraft:sprint_one_cm":121754,"minecraft:damage_taken":260,"minecraft:walk_one_cm":118327,"minecraft:drop":17,"minecraft:damage_dealt":1302,"minecraft:swim_one_cm":814,"minecraft:fly_one_cm":130845,"minecraft:walk_under_water_one_cm":112,"minecraft:crouch_one_cm":10135,"minecraft:play_time":65918,"minecraft:deaths":1,"minecraft:sneak_time":3898,"minecraft:jump":765,"minecraft:walk_on_water_one_cm":3207,"minecraft:total_world_time":65918,"minecraft:fall_one_cm":15638},"minecraft:dropped":{"minecraft:gravel":11,"minecraft:stone_axe":1,"minecraft:brown_mushroom":3,"minecraft:wheat_seeds":4,"minecraft:cobbled_deepslate":70,"minecraft:diamond":14,"minecraft:tuff":1,"minecraft:diorite":28,"minecraft:andesite":37,"minecraft:arrow":2,"minecraft:stone_pickaxe":1,"minecraft:bone":2},"minecraft:crafted":{"minecraft:diamond_sword":1,"minecraft:crafting_table":4,"minecraft:spruce_planks":84,"travelersbackpack:backpack_tank":2,"travelersbackpack:standard":1,"minecraft:wooden_pickaxe":1,"minecraft:iron_helmet":1,"minecraft:iron_sword":1,"minecraft:furnace":3,"minecraft:bucket":2,"sanitydim:garland":1,"minecraft:stone_axe":1,"minecraft:cooked_mutton":14,"minecraft:air":0,"minecraft:flint_and_steel":1,"minecraft:glass":12,"travelersbackpack:white_sleeping_bag":1,"minecraft:iron_chestplate":1,"minecraft:diamond_pickaxe":1,"minecraft:shield":1,"minecraft:iron_axe":1,"minecraft:stick":28,"minecraft:iron_ingot":48,"minecraft:iron_pickaxe":1,"minecraft:stone_pickaxe":2,"minecraft:chest":1,"minecraft:gold_ingot":8,"minecraft:white_bed":1,"minecraft:diamond_boots":1,"minecraft:iron_leggings":1,"farmersdelight:diamond_knife":1,"minecraft:torch":44,"minecraft:diamond_chestplate":1},"minecraft:picked_up":{"minecraft:iron_chestplate":1,"minecraft:crafting_table":7,"minecraft:andesite":103,"minecraft:leather":4,"minecraft:brown_mushroom":6,"minecraft:diamond_sword":1,"minecraft:wooden_pickaxe":1,"minecraft:flint":1,"minecraft:tuff":2,"minecraft:oak_log":9,"minecraft:shield":1,"minecraft:dirt":79,"minecraft:raw_copper":54,"minecraft:iron_axe":1,"minecraft:iron_leggings":1,"minecraft:bone":4,"minecraft:wheat_seeds":5,"minecraft:cobbled_deepslate":276,"minecraft:raw_gold":8,"minecraft:spruce_planks":53,"minecraft:beef":8,"minecraft:stone_pickaxe":1,"minecraft:poppy":8,"minecraft:iron_pickaxe":1,"minecraft:iron_sword":1,"minecraft:furnace":15,"minecraft:egg":2,"minecraft:stick":3,"minecraft:raw_iron":67,"minecraft:sweet_berries":17,"minecraft:torch":12,"minecraft:gravel":18,"minecraft:sand":29,"minecraft:carrot":12,"minecraft:diorite":50,"minecraft:white_bed":2,"minecraft:spruce_log":21,"minecraft:arrow":4,"minecraft:diamond_chestplate":1,"minecraft:diamond":59,"minecraft:stone_axe":1,"minecraft:diamond_boots":1,"minecraft:iron_helmet":1,"minecraft:granite":32,"pvz_zengarden:zengarden_guide":2,"minecraft:obsidian":3,"minecraft:mutton":14,"minecraft:coal":157,"minecraft:white_wool":10,"minecraft:cobblestone":349,"minecraft:diamond_pickaxe":1},"minecraft:mined":{"minecraft:diamond_ore":8,"minecraft:tuff":1,"minecraft:white_bed":2,"minecraft:brown_mushroom":3,"minecraft:deepslate_diamond_ore":23,"farmersdelight:wild_carrots":14,"minecraft:dandelion":1,"minecraft:obsidian":3,"minecraft:crafting_table":6,"minecraft:torch":1,"minecraft:granite":22,"minecraft:grass_block":20,"minecraft:poppy":8,"minecraft:cobblestone":2,"minecraft:copper_ore":7,"minecraft:spruce_leaves":5,"minecraft:deepslate_gold_ore":2,"minecraft:diorite":33,"minecraft:wall_torch":3,"minecraft:large_fern":5,"minecraft:furnace":12,"minecraft:cobbled_deepslate":8,"minecraft:fire":1,"minecraft:iron_ore":12,"minecraft:sweet_berry_bush":9,"minecraft:spruce_log":22,"minecraft:andesite":68,"minecraft:grass":13,"minecraft:oak_log":10,"minecraft:coal_ore":88,"minecraft:deepslate_iron_ore":36,"minecraft:sand":29,"minecraft:gravel":14,"minecraft:dirt":41,"minecraft:stone":270,"minecraft:gold_ore":6,"minecraft:oak_leaves":1,"minecraft:deepslate":139}},"DataVersion":3465}